Abolitionismus,Substantiv,,m,Abolitionismus,,,,,,,,,,,,,,,,,,Abolitionismus,,,,,,,,,,,,,,,,,,Abolitionismus,,,,,,,,,,,,,,,,,,Abolitionismus,,,,,,,,,,,,,,,,,
Absentismus,Substantiv,,m,Absentismus,,,,,,,,,Absentismen,,,,,,,,,Absentismus,,,,,,,,,Absentismen,,,,,,,,,Absentismus,,,,,,,,,Absentismen,,,,,,,,,Absentismus,,,,,,,,,Absentismen,,,,,,,,
Absinthismus,Substantiv,,m,Absinthismus,,,,,,,,,,,,,,,,,,Absinthismus,,,,,,,,,,,,,,,,,,Absinthismus,,,,,,,,,,,,,,,,,,Absinthismus,,,,,,,,,,,,,,,,,
Absolutismus,Substantiv,,m,Absolutismus,,,,,,,,,,,,,,,,,,Absolutismus,,,,,,,,,,,,,,,,,,Absolutismus,,,,,,,,,,,,,,,,,,Absolutismus,,,,,,,,,,,,,,,,,
Abwehrmechanismus,Substantiv,"abwehren,Mechanismus",m,Abwehrmechanismus,,,,,,,,,Abwehrmechanismen,,,,,,,,,Abwehrmechanismus,,,,,,,,,Abwehrmechanismen,,,,,,,,,Abwehrmechanismus,,,,,,,,,Abwehrmechanismen,,,,,,,,,Abwehrmechanismus,,,,,,,,,Abwehrmechanismen,,,,,,,,
Achromatismus,Substantiv,,m,Achromatismus,,,,,,,,,Achromatismen,,,,,,,,,Achromatismus,,,,,,,,,Achromatismen,,,,,,,,,Achromatismus,,,,,,,,,Achromatismen,,,,,,,,,Achromatismus,,,,,,,,,Achromatismen,,,,,,,,
Agnostizismus,Substantiv,,m,Agnostizismus,,,,,,,,,,,,,,,,,,Agnostizismus,,,,,,,,,,,,,,,,,,Agnostizismus,,,,,,,,,,,,,,,,,,Agnostizismus,,,,,,,,,,,,,,,,,
Agrammatismus,Substantiv,,m,Agrammatismus,,,,,,,,,Agrammatismen,,,,,,,,,Agrammatismus,,,,,,,,,Agrammatismen,,,,,,,,,Agrammatismus,,,,,,,,,Agrammatismen,,,,,,,,,Agrammatismus,,,,,,,,,Agrammatismen,,,,,,,,
Akmeismus,Substantiv,,m,Akmeismus,,,,,,,,,,,,,,,,,,Akmeismus,,,,,,,,,,,,,,,,,,Akmeismus,,,,,,,,,,,,,,,,,,Akmeismus,,,,,,,,,,,,,,,,,
Aktionismus,Substantiv,,m,Aktionismus,,,,,,,,,Aktionismen,,,,,,,,,Aktionismus,,,,,,,,,Aktionismen,,,,,,,,,Aktionismus,,,,,,,,,Aktionismen,,,,,,,,,Aktionismus,,,,,,,,,Aktionismen,,,,,,,,
Alarmismus,Substantiv,,m,Alarmismus,,,,,,,,,Alarmismen,,,,,,,,,Alarmismus,,,,,,,,,Alarmismen,,,,,,,,,Alarmismus,,,,,,,,,Alarmismen,,,,,,,,,Alarmismus,,,,,,,,,Alarmismen,,,,,,,,
Albinismus,Substantiv,,m,Albinismus,,,,,,,,,,,,,,,,,,Albinismus,,,,,,,,,,,,,,,,,,Albinismus,,,,,,,,,,,,,,,,,,Albinismus,,,,,,,,,,,,,,,,,
Alevitismus,Substantiv,,m,Alevitismus,,,,,,,,,,,,,,,,,,Alevitismus,,,,,,,,,,,,,,,,,,Alevitismus,,,,,,,,,,,,,,,,,,Alevitismus,,,,,,,,,,,,,,,,,
Alkoholismus,Substantiv,,m,Alkoholismus,,,,,,,,,,,,,,,,,,Alkoholismus,,,,,,,,,,,,,,,,,,Alkoholismus,,,,,,,,,,,,,,,,,,Alkoholismus,,,,,,,,,,,,,,,,,
Alphabetismus,Substantiv,,m,Alphabetismus,,,,,,,,,Alphabetismen,,,,,,,,,Alphabetismus,,,,,,,,,Alphabetismen,,,,,,,,,Alphabetismus,,,,,,,,,Alphabetismen,,,,,,,,,Alphabetismus,,,,,,,,,Alphabetismen,,,,,,,,
Alpinismus,Substantiv,,m,Alpinismus,,,,,,,,,,,,,,,,,,Alpinismus,,,,,,,,,,,,,,,,,,Alpinismus,,,,,,,,,,,,,,,,,,Alpinismus,,,,,,,,,,,,,,,,,
Altruismus,Substantiv,,m,Altruismus,,,,,,,,,,,,,,,,,,Altruismus,,,,,,,,,,,,,,,,,,Altruismus,,,,,,,,,,,,,,,,,,Altruismus,,,,,,,,,,,,,,,,,
Amerikanismus,Substantiv,,m,Amerikanismus,,,,,,,,,Amerikanismen,,,,,,,,,Amerikanismus,,,,,,,,,Amerikanismen,,,,,,,,,Amerikanismus,,,,,,,,,Amerikanismen,,,,,,,,,Amerikanismus,,,,,,,,,Amerikanismen,,,,,,,,
Anabolismus,Substantiv,,m,Anabolismus,,,,,,,,,Anabolismen,,,,,,,,,Anabolismus,,,,,,,,,Anabolismen,,,,,,,,,Anabolismus,,,,,,,,,Anabolismen,,,,,,,,,Anabolismus,,,,,,,,,Anabolismen,,,,,,,,
Anachronismus,Substantiv,,m,Anachronismus,,,,,,,,,Anachronismen,,,,,,,,,Anachronismus,,,,,,,,,Anachronismen,,,,,,,,,Anachronismus,,,,,,,,,Anachronismen,,,,,,,,,Anachronismus,,,,,,,,,Anachronismen,,,,,,,,
Analphabetismus,Substantiv,,m,Analphabetismus,,,,,,,,,Analphabetismen,,,,,,,,,Analphabetismus,,,,,,,,,Analphabetismen,,,,,,,,,Analphabetismus,,,,,,,,,Analphabetismen,,,,,,,,,Analphabetismus,,,,,,,,,Analphabetismen,,,,,,,,
Anarchismus,Substantiv,,m,Anarchismus,,,,,,,,,,,,,,,,,,Anarchismus,,,,,,,,,,,,,,,,,,Anarchismus,,,,,,,,,,,,,,,,,,Anarchismus,,,,,,,,,,,,,,,,,
Anglizismenwörterbuch,Substantiv,"Anglizismus,Wörterbuch",n,Anglizismenwörterbuch,,,,,,,,,Anglizismenwörterbücher,,,,,,,,,Anglizismenwörterbuchs,Anglizismenwörterbuches,,,,,,,,Anglizismenwörterbücher,,,,,,,,,Anglizismenwörterbuch,Anglizismenwörterbuche,,,,,,,,Anglizismenwörterbüchern,,,,,,,,,Anglizismenwörterbuch,,,,,,,,,Anglizismenwörterbücher,,,,,,,,
Anglizismus,Substantiv,,m,Anglizismus,,,,,,,,,Anglizismen,,,,,,,,,Anglizismus,,,,,,,,,Anglizismen,,,,,,,,,Anglizismus,,,,,,,,,Anglizismen,,,,,,,,,Anglizismus,,,,,,,,,Anglizismen,,,,,,,,
Animismus,Substantiv,,m,Animismus,,,,,,,,,Animismen,,,,,,,,,Animismus,,,,,,,,,Animismen,,,,,,,,,Animismus,,,,,,,,,Animismen,,,,,,,,,Animismus,,,,,,,,,Animismen,,,,,,,,
Antagonismus,Substantiv,,m,Antagonismus,,,,,,,,,Antagonismen,,,,,,,,,Antagonismus,,,,,,,,,Antagonismen,,,,,,,,,Antagonismus,,,,,,,,,Antagonismen,,,,,,,,,Antagonismus,,,,,,,,,Antagonismen,,,,,,,,
Anthropomorphismus,Substantiv,,m,Anthropomorphismus,,,,,,,,,Anthropomorphismen,,,,,,,,,Anthropomorphismus,,,,,,,,,Anthropomorphismen,,,,,,,,,Anthropomorphismus,,,,,,,,,Anthropomorphismen,,,,,,,,,Anthropomorphismus,,,,,,,,,Anthropomorphismen,,,,,,,,
Antiamerikanismus,Substantiv,,m,Antiamerikanismus,,,,,,,,,,,,,,,,,,Antiamerikanismus,,,,,,,,,,,,,,,,,,Antiamerikanismus,,,,,,,,,,,,,,,,,,Antiamerikanismus,,,,,,,,,,,,,,,,,
Antifaschismus,Substantiv,,m,Antifaschismus,,,,,,,,,,,,,,,,,,Antifaschismus,Antifaschismusses,,,,,,,,,,,,,,,,,Antifaschismus,,,,,,,,,,,,,,,,,,Antifaschismus,,,,,,,,,,,,,,,,,
Antijudaismus,Substantiv,,m,Antijudaismus,,,,,,,,,Antijudaismen,,,,,,,,,Antijudaismus,,,,,,,,,Antijudaismen,,,,,,,,,Antijudaismus,,,,,,,,,Antijudaismen,,,,,,,,,Antijudaismus,,,,,,,,,Antijudaismen,,,,,,,,
Antikapitalismus,Substantiv,,m,Antikapitalismus,,,,,,,,,,,,,,,,,,Antikapitalismus,,,,,,,,,,,,,,,,,,Antikapitalismus,,,,,,,,,,,,,,,,,,Antikapitalismus,,,,,,,,,,,,,,,,,
Antikommunismus,Substantiv,,m,Antikommunismus,,,,,,,,,,,,,,,,,,Antikommunismus,,,,,,,,,,,,,,,,,,Antikommunismus,,,,,,,,,,,,,,,,,,Antikommunismus,,,,,,,,,,,,,,,,,
Antiliberalismus,Substantiv,,m,Antiliberalismus,,,,,,,,,,,,,,,,,,Antiliberalismus,,,,,,,,,,,,,,,,,,Antiliberalismus,,,,,,,,,,,,,,,,,,Antiliberalismus,,,,,,,,,,,,,,,,,
Antinatalismus,Substantiv,,m,Antinatalismus,,,,,,,,,,,,,,,,,,Antinatalismus,,,,,,,,,,,,,,,,,,Antinatalismus,,,,,,,,,,,,,,,,,,Antinatalismus,,,,,,,,,,,,,,,,,
Antinomismus,Substantiv,,m,Antinomismus,,,,,,,,,,,,,,,,,,Antinomismus,,,,,,,,,,,,,,,,,,Antinomismus,,,,,,,,,,,,,,,,,,Antinomismus,,,,,,,,,,,,,,,,,
Antisemitismus,Substantiv,,m,Antisemitismus,,,,,,,,,Antisemitismen,,,,,,,,,Antisemitismus,,,,,,,,,Antisemitismen,,,,,,,,,Antisemitismus,,,,,,,,,Antisemitismen,,,,,,,,,Antisemitismus,,,,,,,,,Antisemitismen,,,,,,,,
Antiziganismus,Substantiv,,m,Antiziganismus,,,,,,,,,,,,,,,,,,Antiziganismus,,,,,,,,,,,,,,,,,,Antiziganismus,,,,,,,,,,,,,,,,,,Antiziganismus,,,,,,,,,,,,,,,,,
Apatheismus,Substantiv,,m,Apatheismus,,,,,,,,,,,,,,,,,,Apatheismus,,,,,,,,,,,,,,,,,,Apatheismus,,,,,,,,,,,,,,,,,,Apatheismus,,,,,,,,,,,,,,,,,
Aphorismus,Substantiv,,m,Aphorismus,,,,,,,,,Aphorismen,,,,,,,,,Aphorismus,,,,,,,,,Aphorismen,,,,,,,,,Aphorismus,,,,,,,,,Aphorismen,,,,,,,,,Aphorismus,,,,,,,,,Aphorismen,,,,,,,,
Apriorismus,Substantiv,,m,Apriorismus,,,,,,,,,,,,,,,,,,Apriorismus,,,,,,,,,,,,,,,,,,Apriorismus,,,,,,,,,,,,,,,,,,Apriorismus,,,,,,,,,,,,,,,,,
Arabismus,Substantiv,,m,Arabismus,,,,,,,,,Arabismen,,,,,,,,,Arabismus,,,,,,,,,Arabismen,,,,,,,,,Arabismus,,,,,,,,,Arabismen,,,,,,,,,Arabismus,,,,,,,,,Arabismen,,,,,,,,
Archaismus,Substantiv,,m,Archaismus,,,,,,,,,Archaismen,,,,,,,,,Archaismus,,,,,,,,,Archaismen,,,,,,,,,Archaismus,,,,,,,,,Archaismen,,,,,,,,,Archaismus,,,,,,,,,Archaismen,,,,,,,,
Archäomagnetismus,Substantiv,,m,Archäomagnetismus,,,,,,,,,,,,,,,,,,Archäomagnetismus,,,,,,,,,,,,,,,,,,Archäomagnetismus,,,,,,,,,,,,,,,,,,Archäomagnetismus,,,,,,,,,,,,,,,,,
Aristotelismus,Substantiv,,m,Aristotelismus,,,,,,,,,,,,,,,,,,Aristotelismus,,,,,,,,,,,,,,,,,,Aristotelismus,,,,,,,,,,,,,,,,,,Aristotelismus,,,,,,,,,,,,,,,,,
Asianismus,Substantiv,,m,Asianismus,,,,,,,,,,,,,,,,,,Asianismus,,,,,,,,,,,,,,,,,,Asianismus,,,,,,,,,,,,,,,,,,Asianismus,,,,,,,,,,,,,,,,,
Asterismus,Substantiv,,m,Asterismus,,,,,,,,,Asterismen,,,,,,,,,Asterismus,,,,,,,,,Asterismen,,,,,,,,,Asterismus,,,,,,,,,Asterismen,,,,,,,,,Asterismus,,,,,,,,,Asterismen,,,,,,,,
Atavismus,Substantiv,,m,Atavismus,,,,,,,,,Atavismen,,,,,,,,,Atavismus,,,,,,,,,Atavismen,,,,,,,,,Atavismus,,,,,,,,,Atavismen,,,,,,,,,Atavismus,,,,,,,,,Atavismen,,,,,,,,
Atheismus,Substantiv,,m,Atheismus,,,,,,,,,,,,,,,,,,Atheismus,,,,,,,,,,,,,,,,,,Atheismus,,,,,,,,,,,,,,,,,,Atheismus,,,,,,,,,,,,,,,,,
Attentismus,Substantiv,,m,Attentismus,,,,,,,,,–,,,,,,,,,Attentismus,,,,,,,,,–,,,,,,,,,Attentismus,,,,,,,,,–,,,,,,,,,Attentismus,,,,,,,,,–,,,,,,,,
Austriazismus,Substantiv,,m,Austriazismus,,,,,,,,,Austriazismen,,,,,,,,,Austriazismus,,,,,,,,,Austriazismen,,,,,,,,,Austriazismus,,,,,,,,,Austriazismen,,,,,,,,,Austriazismus,,,,,,,,,Austriazismen,,,,,,,,
Austrofaschismus,Substantiv,,m,Austrofaschismus,,,,,,,,,,,,,,,,,,Austrofaschismus,,,,,,,,,,,,,,,,,,Austrofaschismus,,,,,,,,,,,,,,,,,,Austrofaschismus,,,,,,,,,,,,,,,,,
Autismus,Substantiv,,m,Autismus,,,,,,,,,,,,,,,,,,Autismus,,,,,,,,,,,,,,,,,,Autismus,,,,,,,,,,,,,,,,,,Autismus,,,,,,,,,,,,,,,,,
Autodeterminismus,Substantiv,,m,Autodeterminismus,,,,,,,,,,,,,,,,,,Autodeterminismus,,,,,,,,,,,,,,,,,,Autodeterminismus,,,,,,,,,,,,,,,,,,Autodeterminismus,,,,,,,,,,,,,,,,,
Autoerotismus,Substantiv,"auto-,Erotismus",m,Autoerotismus,,,,,,,,,Autoerotismen,,,,,,,,,Autoerotismus,,,,,,,,,Autoerotismen,,,,,,,,,Autoerotismus,,,,,,,,,Autoerotismen,,,,,,,,,Autoerotismus,,,,,,,,,Autoerotismen,,,,,,,,
Automatismus,Substantiv,,m,Automatismus,,,,,,,,,Automatismen,,,,,,,,,Automatismus,,,,,,,,,Automatismen,,,,,,,,,Automatismus,,,,,,,,,Automatismen,,,,,,,,,Automatismus,,,,,,,,,Automatismen,,,,,,,,
Automobilismus,Substantiv,,m,Automobilismus,,,,,,,,,,,,,,,,,,Automobilismus,,,,,,,,,,,,,,,,,,Automobilismus,,,,,,,,,,,,,,,,,,Automobilismus,,,,,,,,,,,,,,,,,
Autoritarismus,Substantiv,,m,Autoritarismus,,,,,,,,,,,,,,,,,,Autoritarismus,,,,,,,,,,,,,,,,,,Autoritarismus,,,,,,,,,,,,,,,,,,Autoritarismus,,,,,,,,,,,,,,,,,
Autosexualismus,Substantiv,,m,Autosexualismus,,,,,,,,,,,,,,,,,,Autosexualismus,,,,,,,,,,,,,,,,,,Autosexualismus,,,,,,,,,,,,,,,,,,Autosexualismus,,,,,,,,,,,,,,,,,
Autotourismus,Substantiv,,m,Autotourismus,,,,,,,,,,,,,,,,,,Autotourismus,,,,,,,,,,,,,,,,,,Autotourismus,,,,,,,,,,,,,,,,,,Autotourismus,,,,,,,,,,,,,,,,,
Autotropismus,Substantiv,,m,Autotropismus,,,,,,,,,Autotropismen,,,,,,,,,Autotropismus,,,,,,,,,Autotropismen,,,,,,,,,Autotropismus,,,,,,,,,Autotropismen,,,,,,,,,Autotropismus,,,,,,,,,Autotropismen,,,,,,,,
Avantgardismus,Substantiv,,m,Avantgardismus,,,,,,,,,,,,,,,,,,Avantgardismus,,,,,,,,,,,,,,,,,,Avantgardismus,,,,,,,,,,,,,,,,,,Avantgardismus,,,,,,,,,,,,,,,,,
Averroismus,Substantiv,,m,Averroismus,,,,,,,,,,,,,,,,,,Averroismus,,,,,,,,,,,,,,,,,,Averroismus,,,,,,,,,,,,,,,,,,Averroismus,,,,,,,,,,,,,,,,,
Babismus,Substantiv,,m,Babismus,,,,,,,,,,,,,,,,,,Babismus,,,,,,,,,,,,,,,,,,Babismus,,,,,,,,,,,,,,,,,,Babismus,,,,,,,,,,,,,,,,,
Babouvismus,Substantiv,,m,Babouvismus,,,,,,,,,,,,,,,,,,Babouvismus,,,,,,,,,,,,,,,,,,Babouvismus,,,,,,,,,,,,,,,,,,Babouvismus,,,,,,,,,,,,,,,,,
Bahaismus,Substantiv,,m,Bahaismus,,,,,,,,,–,,,,,,,,,Bahaismus,,,,,,,,,–,,,,,,,,,Bahaismus,,,,,,,,,–,,,,,,,,,Bahaismus,,,,,,,,,–,,,,,,,,
Befehlsautomatismus,Substantiv,"Befehl,Automatismus",m,Befehlsautomatismus,,,,,,,,,Befehlsautomatismen,,,,,,,,,Befehlsautomatismus,,,,,,,,,Befehlsautomatismen,,,,,,,,,Befehlsautomatismus,,,,,,,,,Befehlsautomatismen,,,,,,,,,Befehlsautomatismus,,,,,,,,,Befehlsautomatismen,,,,,,,,
Behaviorismus,Substantiv,,m,Behaviorismus,,,,,,,,,,,,,,,,,,Behaviorismus,,,,,,,,,,,,,,,,,,Behaviorismus,,,,,,,,,,,,,,,,,,Behaviorismus,,,,,,,,,,,,,,,,,
Bellizismus,Substantiv,,m,Bellizismus,,,,,,,,,,,,,,,,,,Bellizismus,,,,,,,,,,,,,,,,,,Bellizismus,,,,,,,,,,,,,,,,,,Bellizismus,,,,,,,,,,,,,,,,,
Bezeichnungsexotismus,Substantiv,"Bezeichnung,Exotismus",m,Bezeichnungsexotismus,,,,,,,,,Bezeichnungsexotismen,,,,,,,,,Bezeichnungsexotismus,,,,,,,,,Bezeichnungsexotismen,,,,,,,,,Bezeichnungsexotismus,,,,,,,,,Bezeichnungsexotismen,,,,,,,,,Bezeichnungsexotismus,,,,,,,,,Bezeichnungsexotismen,,,,,,,,
Biblizismus,Substantiv,,m,Biblizismus,,,,,,,,,,,,,,,,,,Biblizismus,,,,,,,,,,,,,,,,,,Biblizismus,,,,,,,,,,,,,,,,,,Biblizismus,,,,,,,,,,,,,,,,,
Bilateralismus,Substantiv,,m,Bilateralismus,,,,,,,,,,,,,,,,,,Bilateralismus,,,,,,,,,,,,,,,,,,Bilateralismus,,,,,,,,,,,,,,,,,,Bilateralismus,,,,,,,,,,,,,,,,,
Bilingualismus,Substantiv,,m,Bilingualismus,,,,,,,,,,,,,,,,,,Bilingualismus,,,,,,,,,,,,,,,,,,Bilingualismus,,,,,,,,,,,,,,,,,,Bilingualismus,,,,,,,,,,,,,,,,,
Biologismus,Substantiv,,m,Biologismus,,,,,,,,,,,,,,,,,,Biologismus,,,,,,,,,,,,,,,,,,Biologismus,,,,,,,,,,,,,,,,,,Biologismus,,,,,,,,,,,,,,,,,
Bonapartismus,Substantiv,,m,Bonapartismus,,,,,,,,,,,,,,,,,,Bonapartismus,,,,,,,,,,,,,,,,,,Bonapartismus,,,,,,,,,,,,,,,,,,Bonapartismus,,,,,,,,,,,,,,,,,
Botulismus,Substantiv,,m,Botulismus,,,,,,,,,,,,,,,,,,Botulismus,,,,,,,,,,,,,,,,,,Botulismus,,,,,,,,,,,,,,,,,,Botulismus,,,,,,,,,,,,,,,,,
Boulevardjournalismus,Substantiv,"Boulevard,Journalismus",m,Boulevardjournalismus,,,,,,,,,–,,,,,,,,,Boulevardjournalismus,,,,,,,,,–,,,,,,,,,Boulevardjournalismus,,,,,,,,,–,,,,,,,,,Boulevardjournalismus,,,,,,,,,–,,,,,,,,
Buddhismus,Substantiv,,m,Buddhismus,,,,,,,,,,,,,,,,,,Buddhismus,,,,,,,,,,,,,,,,,,Buddhismus,,,,,,,,,,,,,,,,,,Buddhismus,,,,,,,,,,,,,,,,,
Byronismus,Substantiv,,m,Byronismus,,,,,,,,,,,,,,,,,,Byronismus,,,,,,,,,,,,,,,,,,Byronismus,,,,,,,,,,,,,,,,,,Byronismus,,,,,,,,,,,,,,,,,
Byzantinismus,Substantiv,,m,Byzantinismus,,,,,,,,,Byzantinismen,,,,,,,,,Byzantinismus,,,,,,,,,Byzantinismen,,,,,,,,,Byzantinismus,,,,,,,,,Byzantinismen,,,,,,,,,Byzantinismus,,,,,,,,,Byzantinismen,,,,,,,,
Calvinismus,Substantiv,,m,Calvinismus,,,,,,,,,,,,,,,,,,Calvinismus,,,,,,,,,,,,,,,,,,Calvinismus,,,,,,,,,,,,,,,,,,Calvinismus,,,,,,,,,,,,,,,,,
Cartesianismus,Substantiv,,,,,,,,,,,,,,,,,,,,,,,,,,,,,,,,,,,,,,,,,,,,,,,,,,,,,,,,,,,,,,,,,,,,,,,,,,
Chauvinismus,Substantiv,,m,Chauvinismus,,,,,,,,,Chauvinismen,,,,,,,,,Chauvinismus,,,,,,,,,Chauvinismen,,,,,,,,,Chauvinismus,,,,,,,,,Chauvinismen,,,,,,,,,Chauvinismus,,,,,,,,,Chauvinismen,,,,,,,,
Christianismus,Substantiv,,m,Christianismus,,,,,,,,,,,,,,,,,,Christianismus,,,,,,,,,,,,,,,,,,Christianismus,,,,,,,,,,,,,,,,,,Christianismus,,,,,,,,,,,,,,,,,
Dadaismus,Substantiv,,m,Dadaismus,,,,,,,,,,,,,,,,,,Dadaismus,,,,,,,,,,,,,,,,,,Dadaismus,,,,,,,,,,,,,,,,,,Dadaismus,,,,,,,,,,,,,,,,,
Daoismus,Substantiv,,m,Daoismus,,,,,,,,,,,,,,,,,,Daoismus,,,,,,,,,,,,,,,,,,Daoismus,,,,,,,,,,,,,,,,,,Daoismus,,,,,,,,,,,,,,,,,
Darwinismus,Substantiv,,m,Darwinismus,,,,,,,,,,,,,,,,,,Darwinismus,,,,,,,,,,,,,,,,,,Darwinismus,,,,,,,,,,,,,,,,,,Darwinismus,,,,,,,,,,,,,,,,,
Defätismus,Substantiv,,m,Defätismus,,,,,,,,,–,,,,,,,,,Defätismus,,,,,,,,,–,,,,,,,,,Defätismus,,,,,,,,,–,,,,,,,,,Defätismus,,,,,,,,,–,,,,,,,,
Deismus,Substantiv,,m,Deismus,,,,,,,,,,,,,,,,,,Deismus,,,,,,,,,,,,,,,,,,Deismus,,,,,,,,,,,,,,,,,,Deismus,,,,,,,,,,,,,,,,,
Dekonstruktivismus,Substantiv,,m,Dekonstruktivismus,,,,,,,,,–,,,,,,,,,Dekonstruktivismus,,,,,,,,,–,,,,,,,,,Dekonstruktivismus,,,,,,,,,–,,,,,,,,,Dekonstruktivismus,,,,,,,,,–,,,,,,,,
Demokratismus,Substantiv,,m,Demokratismus,,,,,,,,,,,,,,,,,,Demokratismus,,,,,,,,,,,,,,,,,,Demokratismus,,,,,,,,,,,,,,,,,,Demokratismus,,,,,,,,,,,,,,,,,
Despotismus,Substantiv,,m,Despotismus,,,,,,,,,,,,,,,,,,Despotismus,,,,,,,,,,,,,,,,,,Despotismus,,,,,,,,,,,,,,,,,,Despotismus,,,,,,,,,,,,,,,,,
Determinismus,Substantiv,,m,Determinismus,,,,,,,,,,,,,,,,,,Determinismus,,,,,,,,,,,,,,,,,,Determinismus,,,,,,,,,,,,,,,,,,Determinismus,,,,,,,,,,,,,,,,,
Dezisionismus,Substantiv,,m,Dezisionismus,,,,,,,,,,,,,,,,,,Dezisionismus,,,,,,,,,,,,,,,,,,Dezisionismus,,,,,,,,,,,,,,,,,,Dezisionismus,,,,,,,,,,,,,,,,,
Dialektismus,Substantiv,,m,Dialektismus,,,,,,,,,Dialektismen,,,,,,,,,Dialektismus,,,,,,,,,Dialektismen,,,,,,,,,Dialektismus,,,,,,,,,Dialektismen,,,,,,,,,Dialektismus,,,,,,,,,Dialektismen,,,,,,,,
Dilettantismus,Substantiv,,m,Dilettantismus,,,,,,,,,Dilettantismen,,,,,,,,,Dilettantismus,,,,,,,,,Dilettantismen,,,,,,,,,Dilettantismus,,,,,,,,,Dilettantismen,,,,,,,,,Dilettantismus,,,,,,,,,Dilettantismen,,,,,,,,
Dispensationalismus,Substantiv,,m,Dispensationalismus,,,,,,,,,,,,,,,,,,Dispensationalismus,,,,,,,,,,,,,,,,,,Dispensationalismus,,,,,,,,,,,,,,,,,,Dispensationalismus,,,,,,,,,,,,,,,,,
Distributionalismus,Substantiv,,m,Distributionalismus,,,,,,,,,,,,,,,,,,Distributionalismus,,,,,,,,,,,,,,,,,,Distributionalismus,,,,,,,,,,,,,,,,,,Distributionalismus,,,,,,,,,,,,,,,,,
Doketismus,Substantiv,,m,Doketismus,,,,,,,,,,,,,,,,,,Doketismus,,,,,,,,,,,,,,,,,,Doketismus,,,,,,,,,,,,,,,,,,Doketismus,,,,,,,,,,,,,,,,,
Dschihadismus,Substantiv,,m,Dschihadismus,,,,,,,,,,,,,,,,,,Dschihadismus,,,,,,,,,,,,,,,,,,Dschihadismus,,,,,,,,,,,,,,,,,,Dschihadismus,,,,,,,,,,,,,,,,,
Dualismus,Substantiv,,m,Dualismus,,,,,,,,,Dualismen,,,,,,,,,Dualismus,,,,,,,,,Dualismen,,,,,,,,,Dualismus,,,,,,,,,Dualismen,,,,,,,,,Dualismus,,,,,,,,,Dualismen,,,,,,,,
Dysgrammatismus,Substantiv,,m,Dysgrammatismus,,,,,,,,,Dysgrammatismen,,,,,,,,,Dysgrammatismus,,,,,,,,,Dysgrammatismen,,,,,,,,,Dysgrammatismus,,,,,,,,,Dysgrammatismen,,,,,,,,,Dysgrammatismus,,,,,,,,,Dysgrammatismen,,,,,,,,
Dysphemismus,Substantiv,,m,Dysphemismus,,,,,,,,,Dysphemismen,,,,,,,,,Dysphemismus,,,,,,,,,Dysphemismen,,,,,,,,,Dysphemismus,,,,,,,,,Dysphemismen,,,,,,,,,Dysphemismus,,,,,,,,,Dysphemismen,,,,,,,,
Egalitarismus,Substantiv,,m,Egalitarismus,,,,,,,,,,,,,,,,,,Egalitarismus,,,,,,,,,,,,,,,,,,Egalitarismus,,,,,,,,,,,,,,,,,,Egalitarismus,,,,,,,,,,,,,,,,,
Egoismus,Substantiv,,m,Egoismus,,,,,,,,,Egoismen,,,,,,,,,Egoismus,,,,,,,,,Egoismen,,,,,,,,,Egoismus,,,,,,,,,Egoismen,,,,,,,,,Egoismus,,,,,,,,,Egoismen,,,,,,,,
Egotismus,Substantiv,,m,Egotismus,,,,,,,,,,,,,,,,,,Egotismus,,,,,,,,,,,,,,,,,,Egotismus,,,,,,,,,,,,,,,,,,Egotismus,,,,,,,,,,,,,,,,,
Eigenschaftsdualismus,Substantiv,"Eigenschaft,Dualismus",m,Eigenschaftsdualismus,,,,,,,,,Eigenschaftsdualismen,,,,,,,,,Eigenschaftsdualismus,,,,,,,,,Eigenschaftsdualismen,,,,,,,,,Eigenschaftsdualismus,,,,,,,,,Eigenschaftsdualismen,,,,,,,,,Eigenschaftsdualismus,,,,,,,,,Eigenschaftsdualismen,,,,,,,,
Eigenschaftsmonismus,Substantiv,"Eigenschaft,Monismus",m,Eigenschaftsmonismus,,,,,,,,,Eigenschaftsmonismen,,,,,,,,,Eigenschaftsmonismus,,,,,,,,,Eigenschaftsmonismen,,,,,,,,,Eigenschaftsmonismus,,,,,,,,,Eigenschaftsmonismen,,,,,,,,,Eigenschaftsmonismus,,,,,,,,,Eigenschaftsmonismen,,,,,,,,
Eklektizismus,Substantiv,,m,Eklektizismus,,,,,,,,,,,,,,,,,,Eklektizismus,,,,,,,,,,,,,,,,,,Eklektizismus,,,,,,,,,,,,,,,,,,Eklektizismus,,,,,,,,,,,,,,,,,
Ektropismus,Substantiv,,m,Ektropismus,,,,,,,,,,,,,,,,,,Ektropismus,,,,,,,,,,,,,,,,,,Ektropismus,,,,,,,,,,,,,,,,,,Ektropismus,,,,,,,,,,,,,,,,,
Elektromagnetismus,Substantiv,"Elektro-,Magnetismus",m,Elektromagnetismus,,,,,,,,,,,,,,,,,,Elektromagnetismus,,,,,,,,,,,,,,,,,,Elektromagnetismus,,,,,,,,,,,,,,,,,,Elektromagnetismus,,,,,,,,,,,,,,,,,
Elitismus,Substantiv,,m,Elitismus,,,,,,,,,,,,,,,,,,Elitismus,,,,,,,,,,,,,,,,,,Elitismus,,,,,,,,,,,,,,,,,,Elitismus,,,,,,,,,,,,,,,,,
Embolismus,Substantiv,,m,Embolismus,,,,,,,,,Embolismen,,,,,,,,,Embolismus,,,,,,,,,Embolismen,,,,,,,,,Embolismus,,,,,,,,,Embolismen,,,,,,,,, Embolismus,,,,,,,,,Embolismen,,,,,,,,
Empiriokritizismus,Substantiv,,m,Empiriokritizismus,,,,,,,,,,,,,,,,,,Empiriokritizismus,,,,,,,,,,,,,,,,,,Empiriokritizismus,,,,,,,,,,,,,,,,,,Empiriokritizismus,,,,,,,,,,,,,,,,,
Empirismus,Substantiv,,m,Empirismus,,,,,,,,,,,,,,,,,,Empirismus,,,,,,,,,,,,,,,,,,Empirismus,,,,,,,,,,,,,,,,,,Empirismus,,,,,,,,,,,,,,,,,
Enthüllungsjournalismus,Substantiv,"Enthüllung,Journalismus",m,Enthüllungsjournalismus,,,,,,,,,,,,,,,,,,Enthüllungsjournalismus,,,,,,,,,,,,,,,,,,Enthüllungsjournalismus,,,,,,,,,,,,,,,,,,Enthüllungsjournalismus,,,,,,,,,,,,,,,,,
Epikureismus,Substantiv,,m,Epikureismus,,,,,,,,,,,,,,,,,,Epikureismus,,,,,,,,,,,,,,,,,,Epikureismus,,,,,,,,,,,,,,,,,,Epikureismus,,,,,,,,,,,,,,,,,
Epiphänomenalismus,Substantiv,,m,Epiphänomenalismus,,,,,,,,,,,,,,,,,,Epiphänomenalismus,,,,,,,,,,,,,,,,,,Epiphänomenalismus,,,,,,,,,,,,,,,,,,Epiphänomenalismus,,,,,,,,,,,,,,,,,
Episitismus,Substantiv,,m,Episitismus,,,,,,,,,,,,,,,,,,Episitismus,,,,,,,,,,,,,,,,,,Episitismus,,,,,,,,,,,,,,,,,,Episitismus,,,,,,,,,,,,,,,,,
Ergotismus,Substantiv,,m,Ergotismus,,,,,,,,,Ergotismen,,,,,,,,,Ergotismus,,,,,,,,,Ergotismen,,,,,,,,,Ergotismus,,,,,,,,,Ergotismen,,,,,,,,,Ergotismus,,,,,,,,,Ergotismen,,,,,,,,
Eskapismus,Substantiv,,m,Eskapismus,,,,,,,,,Eskapismen,,,,,,,,,Eskapismus,,,,,,,,,Eskapismen,,,,,,,,,Eskapismus,,,,,,,,,Eskapismen,,,,,,,,,Eskapismus,,,,,,,,,Eskapismen,,,,,,,,
Essentialismus,Substantiv,,m,Essentialismus,,,,,,,,,,,,,,,,,,Essentialismus,,,,,,,,,,,,,,,,,,Essentialismus,,,,,,,,,,,,,,,,,,Essentialismus,,,,,,,,,,,,,,,,,
Estridentismus,Substantiv,,m,Estridentismus,,,,,,,,,,,,,,,,,,Estridentismus,,,,,,,,,,,,,,,,,,Estridentismus,,,,,,,,,,,,,,,,,,Estridentismus,,,,,,,,,,,,,,,,,
Etatismus,Substantiv,,m,Etatismus,,,,,,,,,,,,,,,,,,Etatismus,,,,,,,,,,,,,,,,,,Etatismus,,,,,,,,,,,,,,,,,,Etatismus,,,,,,,,,,,,,,,,,
Ethnophaulismus,Substantiv,,m,Ethnophaulismus,,,,,,,,,Ethnophaulismen,,,,,,,,,Ethnophaulismus,,,,,,,,,Ethnophaulismen,,,,,,,,,Ethnophaulismus,,,,,,,,,Ethnophaulismen,,,,,,,,,Ethnophaulismus,,,,,,,,,Ethnophaulismen,,,,,,,,
Euphemismus,Substantiv,,m,Euphemismus,,,,,,,,,Euphemismen,,,,,,,,,Euphemismus,,,,,,,,,Euphemismen,,,,,,,,,Euphemismus,,,,,,,,,Euphemismen,,,,,,,,,Euphemismus,,,,,,,,,Euphemismen,,,,,,,,
Euphuismus,Substantiv,,m,Euphuismus,,,,,,,,,Euphuismen,,,,,,,,,Euphuismus,,,,,,,,,Euphuismen,,,,,,,,,Euphuismus,,,,,,,,,Euphuismen,,,,,,,,,Euphuismus,,,,,,,,,Euphuismen,,,,,,,,
Evolutionismus,Substantiv,,m,Evolutionismus,,,,,,,,,,,,,,,,,,Evolutionismus,,,,,,,,,,,,,,,,,,Evolutionismus,,,,,,,,,,,,,,,,,,Evolutionismus,,,,,,,,,,,,,,,,,
Exhibitionismus,Substantiv,,m,Exhibitionismus,,,,,,,,,Exhibitionismen,,,,,,,,,Exhibitionismus,,,,,,,,,Exhibitionismen,,,,,,,,,Exhibitionismus,,,,,,,,,Exhibitionismen,,,,,,,,,Exhibitionismus,,,,,,,,,Exhibitionismen,,,,,,,,
Existentialismus,Substantiv,,m,Existentialismus,,,,,,,,,,,,,,,,,,Existentialismus,,,,,,,,,,,,,,,,,,Existentialismus,,,,,,,,,,,,,,,,,,Existentialismus,,,,,,,,,,,,,,,,,
Existenzialismus,Substantiv,,m,Existenzialismus,,,,,,,,,,,,,,,,,,Existenzialismus,,,,,,,,,,,,,,,,,,Existenzialismus,,,,,,,,,,,,,,,,,,Existenzialismus,,,,,,,,,,,,,,,,,
Exorzismus,Substantiv,,m,Exorzismus,,,,,,,,,Exorzismen,,,,,,,,,Exorzismus,,,,,,,,,Exorzismen,,,,,,,,,Exorzismus,,,,,,,,,Exorzismen,,,,,,,,,Exorzismus,,,,,,,,,Exorzismen,,,,,,,,
Exotismus,Substantiv,,m,Exotismus,,,,,,,,,Exotismen,,,,,,,,,Exotismus,,,,,,,,,Exotismen,,,,,,,,,Exotismus,,,,,,,,,Exotismen,,,,,,,,,Exotismus,,,,,,,,,Exotismen,,,,,,,,
Expressionismus,Substantiv,,m,Expressionismus,,,,,,,,,,,,,,,,,,Expressionismus,,,,,,,,,,,,,,,,,,Expressionismus,,,,,,,,,,,,,,,,,,Expressionismus,,,,,,,,,,,,,,,,,
Extremismus,Substantiv,,m,Extremismus,,,,,,,,,Extremismen,,,,,,,,,Extremismus,,,,,,,,,Extremismen,,,,,,,,,Extremismus,,,,,,,,,Extremismen,,,,,,,,,Extremismus,,,,,,,,,Extremismen,,,,,,,,
Fallibilismus,Substantiv,,m,Fallibilismus,,,,,,,,,,,,,,,,,,Fallibilismus,,,,,,,,,,,,,,,,,,Fallibilismus,,,,,,,,,,,,,,,,,,Fallibilismus,,,,,,,,,,,,,,,,,
Faschismus,Substantiv,,m,Faschismus,,,,,,,,,,,,,,,,,,Faschismus,Faschismusses,,,,,,,,,,,,,,,,,Faschismus,,,,,,,,,,,,,,,,,,Faschismus,,,,,,,,,,,,,,,,,
Fatalismus,Substantiv,,m,Fatalismus,,,,,,,,,,,,,,,,,,Fatalismus,,,,,,,,,,,,,,,,,,Fatalismus,,,,,,,,,,,,,,,,,,Fatalismus,,,,,,,,,,,,,,,,,
Feminismus,Substantiv,,m,Feminismus,,,,,,,,,Feminismen,,,,,,,,,Feminismus,,,,,,,,,Feminismen,,,,,,,,,Feminismus,,,,,,,,,Feminismen,,,,,,,,,Feminismus,,,,,,,,,Feminismen,,,,,,,,
Fetischismus,Substantiv,,m,Fetischismus,,,,,,,,,Fetischismen,,,,,,,,,Fetischismus,,,,,,,,,Fetischismen,,,,,,,,,Fetischismus,,,,,,,,,Fetischismen,,,,,,,,,Fetischismus,,,,,,,,,Fetischismen,,,,,,,,
Fideismus,Substantiv,,m,Fideismus,,,,,,,,,–,,,,,,,,,Fideismus,,,,,,,,,–,,,,,,,,,Fideismus,,,,,,,,,–,,,,,,,,,Fideismus,,,,,,,,,–,,,,,,,,
Fiskalismus,Substantiv,,m,Fiskalismus,,,,,,,,,,,,,,,,,,Fiskalismus,,,,,,,,,,,,,,,,,,Fiskalismus,,,,,,,,,,,,,,,,,,Fiskalismus,,,,,,,,,,,,,,,,,
Franquismus,Substantiv,,m,Franquismus,,,,,,,,,,,,,,,,,,Franquismus,,,,,,,,,,,,,,,,,,Franquismus,,,,,,,,,,,,,,,,,,Franquismus,,,,,,,,,,,,,,,,,
Französismus,Substantiv,,m,Französismus,,,,,,,,,Französismen,,,,,,,,,Französismus,,,,,,,,,Französismen,,,,,,,,,Französismus,,,,,,,,,Französismen,,,,,,,,,Französismus,,,,,,,,,Französismen,,,,,,,,
Fundamentalismus,Substantiv,,m,Fundamentalismus,,,,,,,,,Fundamentalismen,,,,,,,,,Fundamentalismus,,,,,,,,,Fundamentalismen,,,,,,,,,Fundamentalismus,,,,,,,,,Fundamentalismen,,,,,,,,,Fundamentalismus,,,,,,,,,Fundamentalismen,,,,,,,,
Funktionalismus,Substantiv,,m,Funktionalismus,,,,,,,,,,,,,,,,,,Funktionalismus,,,,,,,,,,,,,,,,,,Funktionalismus,,,,,,,,,,,,,,,,,,Funktionalismus,,,,,,,,,,,,,,,,,
Futurismus,Substantiv,,m,Futurismus,,,,,,,,,Futurismen,,,,,,,,,Futurismus,,,,,,,,,Futurismen,,,,,,,,,Futurismus,,,,,,,,,Futurismen,,,,,,,,,Futurismus,,,,,,,,,Futurismen,,,,,,,,
Föderalismus,Substantiv,,m,Föderalismus,,,,,,,,,,,,,,,,,,Föderalismus,,,,,,,,,,,,,,,,,,Föderalismus,,,,,,,,,,,,,,,,,,Föderalismus,,,,,,,,,,,,,,,,,
Galaxienkannibalismus,Substantiv,"Galaxie,Kannibalismus",m,Galaxienkannibalismus,,,,,,,,,,,,,,,,,,Galaxienkannibalismus,,,,,,,,,,,,,,,,,,Galaxienkannibalismus,,,,,,,,,,,,,,,,,,Galaxienkannibalismus,,,,,,,,,,,,,,,,,
Gallizismus,Substantiv,,m,Gallizismus,,,,,,,,,Gallizismen,,,,,,,,,Gallizismus,,,,,,,,,Gallizismen,,,,,,,,,Gallizismus,,,,,,,,,Gallizismen,,,,,,,,,Gallizismus,,,,,,,,,Gallizismen,,,,,,,,
Gambrinismus,Substantiv,,m,Gambrinismus,,,,,,,,,,,,,,,,,,Gambrinismus,,,,,,,,,,,,,,,,,,Gambrinismus,,,,,,,,,,,,,,,,,,Gambrinismus,,,,,,,,,,,,,,,,,
Germanismus,Substantiv,,m,Germanismus,,,,,,,,,Germanismen,,,,,,,,,Germanismus,,,,,,,,,Germanismen,,,,,,,,,Germanismus,,,,,,,,,Germanismen,,,,,,,,,Germanismus,,,,,,,,,Germanismen,,,,,,,,
Geschichtsrevisionismus,Substantiv,,m,Geschichtsrevisionismus,,,,,,,,,Geschichtsrevisionismen,,,,,,,,,Geschichtsrevisionismus,,,,,,,,,Geschichtsrevisionismen,,,,,,,,,Geschichtsrevisionismus,,,,,,,,,Geschichtsrevisionismen,,,,,,,,,Geschichtsrevisionismus,,,,,,,,,Geschichtsrevisionismen,,,,,,,,
Gigantismus,Substantiv,,m,Gigantismus,,,,,,,,,Gigantismen,,,,,,,,,Gigantismus,,,,,,,,,Gigantismen,,,,,,,,,Gigantismus,,,,,,,,,Gigantismen,,,,,,,,,Gigantismus,,,,,,,,,Gigantismen,,,,,,,,
Grobianismus,Substantiv,,m,Grobianismus,,,,,,,,,Grobianismen,,,,,,,,,Grobianismus,,,,,,,,,Grobianismen,,,,,,,,,Grobianismus,,,,,,,,,Grobianismen,,,,,,,,,Grobianismus,,,,,,,,,Grobianismen,,,,,,,,
Gräzismus,Substantiv,,m,Gräzismus,,,,,,,,,Gräzismen,,,,,,,,,Gräzismus,,,,,,,,,Gräzismen,,,,,,,,,Gräzismus,,,,,,,,,Gräzismen,,,,,,,,,Gräzismus,,,,,,,,,Gräzismen,,,,,,,,
Gulaschkommunismus,Substantiv,,m,Gulaschkommunismus,,,,,,,,,,,,,,,,,,Gulaschkommunismus,,,,,,,,,,,,,,,,,,Gulaschkommunismus,,,,,,,,,,,,,,,,,,Gulaschkommunismus,,,,,,,,,,,,,,,,,
Gynandrismus,Substantiv,,m,Gynandrismus,,,,,,,,,,,,,,,,,,Gynandrismus,,,,,,,,,,,,,,,,,,Gynandrismus,,,,,,,,,,,,,,,,,,Gynandrismus,,,,,,,,,,,,,,,,,
Gynandromorphismus,Substantiv,,m,Gynandromorphismus,,,,,,,,,Gynandromorphismen,,,,,,,,,Gynandromorphismus,,,,,,,,,Gynandromorphismen,,,,,,,,,Gynandromorphismus,,,,,,,,,Gynandromorphismen,,,,,,,,,Gynandromorphismus,,,,,,,,,Gynandromorphismen,,,,,,,,
Gyromagnetismus,Substantiv,,m,Gyromagnetismus,,,,,,,,,,,,,,,,,,Gyromagnetismus,,,,,,,,,,,,,,,,,,Gyromagnetismus,,,,,,,,,,,,,,,,,,Gyromagnetismus,,,,,,,,,,,,,,,,,
Handlungsutilitarismus,Substantiv,"Handlung,Utilitarismus",m,Handlungsutilitarismus,,,,,,,,,,,,,,,,,,Handlungsutilitarismus,,,,,,,,,,,,,,,,,,Handlungsutilitarismus,,,,,,,,,,,,,,,,,,Handlungsutilitarismus,,,,,,,,,,,,,,,,,
Hebraismus,Substantiv,,m,Hebraismus,,,,,,,,,Hebraismen,,,,,,,,,Hebraismus,,,,,,,,,Hebraismen,,,,,,,,,Hebraismus,,,,,,,,,Hebraismen,,,,,,,,,Hebraismus,,,,,,,,,Hebraismen,,,,,,,,
Hedonismus,Substantiv,,m,Hedonismus,,,,,,,,,Hedonismen,,,,,,,,,Hedonismus,,,,,,,,,Hedonismen,,,,,,,,,Hedonismus,,,,,,,,,Hedonismen,,,,,,,,,Hedonismus,,,,,,,,,Hedonismen,,,,,,,,
Hegelianismus,Substantiv,,m,Hegelianismus,,,,,,,,,,,,,,,,,,Hegelianismus,,,,,,,,,,,,,,,,,,Hegelianismus,,,,,,,,,,,,,,,,,,Hegelianismus,,,,,,,,,,,,,,,,,
Helvetismus,Substantiv,,m,Helvetismus,,,,,,,,,Helvetismen,,,,,,,,,Helvetismus,,,,,,,,,Helvetismen,,,,,,,,,Helvetismus,,,,,,,,,Helvetismen,,,,,,,,,Helvetismus,,,,,,,,,Helvetismen,,,,,,,,
Henotheismus,Substantiv,,m,Henotheismus,,,,,,,,,,,,,,,,,,Henotheismus,,,,,,,,,,,,,,,,,,Henotheismus,,,,,,,,,,,,,,,,,,Henotheismus,,,,,,,,,,,,,,,,,
Hermaphroditismus,Substantiv,,m,Hermaphroditismus,,,,,,,,,,,,,,,,,,Hermaphroditismus,,,,,,,,,,,,,,,,,,Hermaphroditismus,,,,,,,,,,,,,,,,,,Hermaphroditismus,,,,,,,,,,,,,,,,,
Heroismus,Substantiv,,m,Heroismus,,,,,,,,,,,,,,,,,,Heroismus,,,,,,,,,,,,,,,,,,Heroismus,,,,,,,,,,,,,,,,,,Heroismus,,,,,,,,,,,,,,,,,
Hinduismus,Substantiv,,m,Hinduismus,,,,,,,,,,,,,,,,,,Hinduismus,,,,,,,,,,,,,,,,,,Hinduismus,,,,,,,,,,,,,,,,,,Hinduismus,,,,,,,,,,,,,,,,,
Hirsutismus,Substantiv,,m,Hirsutismus,,,,,,,,,Hirsutismen,,,,,,,,,Hirsutismus,,,,,,,,,Hirsutismen,,,,,,,,,Hirsutismus,,,,,,,,,Hirsutismen,,,,,,,,,Hirsutismus,,,,,,,,,Hirsutismen,,,,,,,,
Hispanismus,Substantiv,,m,Hispanismus,,,,,,,,,Hispanismen,,,,,,,,,Hispanismus,,,,,,,,,Hispanismen,,,,,,,,,Hispanismus,,,,,,,,,Hispanismen,,,,,,,,,Hispanismus,,,,,,,,,Hispanismen,,,,,,,,
Historismus,Substantiv,,m,Historismus,,,,,,,,,Historismen,,,,,,,,,Historismus,,,,,,,,,Historismen,,,,,,,,,Historismus,,,,,,,,,Historismen,,,,,,,,,Historismus,,,,,,,,,Historismen,,,,,,,,
Historizismus,Substantiv,,m,Historizismus,,,,,,,,,Historizismen,,,,,,,,,Historizismus,,,,,,,,,Historizismen,,,,,,,,,Historizismus,,,,,,,,,Historizismen,,,,,,,,,Historizismus,,,,,,,,,Historizismen,,,,,,,,
Hitlerismus,Substantiv,,m,Hitlerismus,,,,,,,,,,,,,,,,,,Hitlerismus,,,,,,,,,,,,,,,,,,Hitlerismus,,,,,,,,,,,,,,,,,,Hitlerismus,,,,,,,,,,,,,,,,,
Hochzeitstourismus,Substantiv,"Hochzeit,Tourismus",m,Hochzeitstourismus,,,,,,,,,,,,,,,,,,Hochzeitstourismus,,,,,,,,,,,,,,,,,,Hochzeitstourismus,,,,,,,,,,,,,,,,,,Hochzeitstourismus,,,,,,,,,,,,,,,,,
Holismus,Substantiv,,m,Holismus,,,,,,,,,Holismen,,,,,,,,,Holismus,,,,,,,,,Holismen,,,,,,,,,Holismus,,,,,,,,,Holismen,,,,,,,,,Holismus,,,,,,,,,Holismen,,,,,,,,
Homomorphismus,Substantiv,,m,Homomorphismus,,,,,,,,,Homomorphismen,,,,,,,,,Homomorphismus,,,,,,,,,Homomorphismen,,,,,,,,,Homomorphismus,,,,,,,,,Homomorphismen,,,,,,,,,Homomorphismus,,,,,,,,,Homomorphismen,,,,,,,,
Hooliganismus,Substantiv,,m,Hooliganismus,,,,,,,,,Hooliganismen,,,,,,,,,Hooliganismus,,,,,,,,,Hooliganismen,,,,,,,,,Hooliganismus,,,,,,,,,Hooliganismen,,,,,,,,,Hooliganismus,,,,,,,,,Hooliganismen,,,,,,,,
Hospitalismus,Substantiv,,m,Hospitalismus,,,,,,,,,,,,,,,,,,Hospitalismus,,,,,,,,,,,,,,,,,,Hospitalismus,,,,,,,,,,,,,,,,,,Hospitalismus,,,,,,,,,,,,,,,,,
Humanismus,Substantiv,,m,Humanismus,,,,,,,,,,,,,,,,,,Humanismus,,,,,,,,,,,,,,,,,,Humanismus,,,,,,,,,,,,,,,,,,Humanismus,,,,,,,,,,,,,,,,,
Humanitarismus,Substantiv,,m,Humanitarismus,,,,,,,,,,,,,,,,,,Humanitarismus,,,,,,,,,,,,,,,,,,Humanitarismus,,,,,,,,,,,,,,,,,,Humanitarismus,,,,,,,,,,,,,,,,,
Hurrapatriotismus,Substantiv,,m,Hurrapatriotismus,,,,,,,,,,,,,,,,,,Hurrapatriotismus,,,,,,,,,,,,,,,,,,Hurrapatriotismus,,,,,,,,,,,,,,,,,,Hurrapatriotismus,,,,,,,,,,,,,,,,,
Hylemorphismus,Substantiv,,m,Hylemorphismus,,,,,,,,,,,,,,,,,,Hylemorphismus,,,,,,,,,,,,,,,,,,Hylemorphismus,,,,,,,,,,,,,,,,,,Hylemorphismus,,,,,,,,,,,,,,,,,
Hylomorphismus,Substantiv,,,,,,,,,,,,,,,,,,,,,,,,,,,,,,,,,,,,,,,,,,,,,,,,,,,,,,,,,,,,,,,,,,,,,,,,,,
Hylozoismus,Substantiv,,m,Hylozoismus,,,,,,,,,,,,,,,,,,Hylozoismus,,,,,,,,,,,,,,,,,,Hylozoismus,,,,,,,,,,,,,,,,,,Hylozoismus,,,,,,,,,,,,,,,,,
Idealismus,Substantiv,,m,Idealismus,,,,,,,,,,,,,,,,,,Idealismus,,,,,,,,,,,,,,,,,,Idealismus,,,,,,,,,,,,,,,,,,Idealismus,,,,,,,,,,,,,,,,,
Ikonismus,Substantiv,,m,Ikonismus,,,,,,,,,Ikonismen,,,,,,,,,Ikonismus,,,,,,,,,Ikonismen,,,,,,,,,Ikonismus,,,,,,,,,Ikonismen,,,,,,,,,Ikonismus,,,,,,,,,Ikonismen,,,,,,,,
Imperialismus,Substantiv,,m,Imperialismus,,,,,,,,,Imperialismen,,,,,,,,,Imperialismus,,,,,,,,,Imperialismen,,,,,,,,,Imperialismus,,,,,,,,,Imperialismen,,,,,,,,,Imperialismus,,,,,,,,,Imperialismen,,,,,,,,
Impressionismus,Substantiv,,m,Impressionismus,,,,,,,,,,,,,,,,,,Impressionismus,,,,,,,,,,,,,,,,,,Impressionismus,,,,,,,,,,,,,,,,,,Impressionismus,,,,,,,,,,,,,,,,,
Indeterminismus,Substantiv,"Determinismus,in-",m,Indeterminismus,,,,,,,,,,,,,,,,,,Indeterminismus,,,,,,,,,,,,,,,,,,Indeterminismus,,,,,,,,,,,,,,,,,,Indeterminismus,,,,,,,,,,,,,,,,,
Individualismus,Substantiv,,m,Individualismus,,,,,,,,,,,,,,,,,,Individualismus,,,,,,,,,,,,,,,,,,Individualismus,,,,,,,,,,,,,,,,,,Individualismus,,,,,,,,,,,,,,,,,
Infallibilismus,Substantiv,,m,Infallibilismus,,,,,,,,,,,,,,,,,,Infallibilismus,,,,,,,,,,,,,,,,,,Infallibilismus,,,,,,,,,,,,,,,,,,Infallibilismus,,,,,,,,,,,,,,,,,
Infantilismus,Substantiv,,m,Infantilismus,,,,,,,,,Infantilismen,,,,,,,,,Infantilismus,,,,,,,,,Infantilismen,,,,,,,,,Infantilismus,,,,,,,,,Infantilismen,,,,,,,,,Infantilismus,,,,,,,,,Infantilismen,,,,,,,,
Inkompatibilismus,Substantiv,,m,Inkompatibilismus,,,,,,,,,,,,,,,,,,Inkompatibilismus,,,,,,,,,,,,,,,,,,Inkompatibilismus,,,,,,,,,,,,,,,,,,Inkompatibilismus,,,,,,,,,,,,,,,,,
Innatismus,Substantiv,,m,Innatismus,,,,,,,,,,,,,,,,,,Innatismus,,,,,,,,,,,,,,,,,,Innatismus,,,,,,,,,,,,,,,,,,Innatismus,,,,,,,,,,,,,,,,,
Inselgigantismus,Substantiv,,m,Inselgigantismus,,,,,,,,,,,,,,,,,,Inselgigantismus,,,,,,,,,,,,,,,,,,Inselgigantismus,,,,,,,,,,,,,,,,,,Inselgigantismus,,,,,,,,,,,,,,,,,
Interessenutilitarismus,Substantiv,"Interesse,Utilitarismus",m,Interessenutilitarismus,,,,,,,,,,,,,,,,,,Interessenutilitarismus,,,,,,,,,,,,,,,,,,Interessenutilitarismus,,,,,,,,,,,,,,,,,,Interessenutilitarismus,,,,,,,,,,,,,,,,,
Internationalismus,Substantiv,,m,Internationalismus,,,,,,,,,Internationalismen,,,,,,,,,Internationalismus,,,,,,,,,Internationalismen,,,,,,,,,Internationalismus,,,,,,,,,Internationalismen,,,,,,,,,Internationalismus,,,,,,,,,Internationalismen,,,,,,,,
Interventionismus,Substantiv,,m,Interventionismus,,,,,,,,,,,,,,,,,,Interventionismus,,,,,,,,,,,,,,,,,,Interventionismus,,,,,,,,,,,,,,,,,,Interventionismus,,,,,,,,,,,,,,,,,
Iranismus,Substantiv,,m,Iranismus,,,,,,,,,Iranismen,,,,,,,,,Iranismus,,,,,,,,,Iranismen,,,,,,,,,Iranismus,,,,,,,,,Iranismen,,,,,,,,,Iranismus,,,,,,,,,Iranismen,,,,,,,,
Irredentismus,Substantiv,,m,Irredentismus,,,,,,,,,,,,,,,,,,Irredentismus,,,,,,,,,,,,,,,,,,Irredentismus,,,,,,,,,,,,,,,,,,Irredentismus,,,,,,,,,,,,,,,,,
Islamfaschismus,Substantiv,"Islam,Faschismus",m,Islamfaschismus,,,,,,,,,,,,,,,,,,Islamfaschismus,,,,,,,,,,,,,,,,,,Islamfaschismus,,,,,,,,,,,,,,,,,,Islamfaschismus,,,,,,,,,,,,,,,,,
Islamismus,Substantiv,,m,Islamismus,,,,,,,,,,,,,,,,,,Islamismus,,,,,,,,,,,,,,,,,,Islamismus,,,,,,,,,,,,,,,,,,Islamismus,,,,,,,,,,,,,,,,,
Isomorphismus,Substantiv,,m,Isomorphismus,,,,,,,,,Isomorphismen,,,,,,,,,Isomorphismus,,,,,,,,,Isomorphismen,,,,,,,,,Isomorphismus,,,,,,,,,Isomorphismen,,,,,,,,,Isomorphismus,,,,,,,,,Isomorphismen,,,,,,,,
Italianismus,Substantiv,,m,Italianismus,,,,,,,,,Italianismen,,,,,,,,,Italianismus,,,,,,,,,Italianismen,,,,,,,,,Italianismus,,,,,,,,,Italianismen,,,,,,,,,Italianismus,,,,,,,,,Italianismen,,,,,,,,
Jiddischismus,Substantiv,,m,Jiddischismus,,,,,,,,,,,,,,,,,,Jiddischismus,,,,,,,,,,,,,,,,,,Jiddischismus,,,,,,,,,,,,,,,,,,Jiddischismus,,,,,,,,,,,,,,,,,
Jiddismus,Substantiv,,m,Jiddismus,,,,,,,,,Jiddismen,,,,,,,,,Jiddismus,,,,,,,,,Jiddismen,,,,,,,,,Jiddismus,,,,,,,,,Jiddismen,,,,,,,,,Jiddismus,,,,,,,,,Jiddismen,,,,,,,,
Jihadismus,Substantiv,,m,Jihadismus,,,,,,,,,,,,,,,,,,Jihadismus,,,,,,,,,,,,,,,,,,Jihadismus,,,,,,,,,,,,,,,,,,Jihadismus,,,,,,,,,,,,,,,,,
Jingoismus,Substantiv,,m,Jingoismus,,,,,,,,,,,,,,,,,,Jingoismus,,,,,,,,,,,,,,,,,,Jingoismus,,,,,,,,,,,,,,,,,,Jingoismus,,,,,,,,,,,,,,,,,
Journalismus,Substantiv,,m,Journalismus,,,,,,,,,,,,,,,,,,Journalismus,,,,,,,,,,,,,,,,,,Journalismus,,,,,,,,,,,,,,,,,,Journalismus,,,,,,,,,,,,,,,,,
Kannibalismus,Substantiv,,m,Kannibalismus,,,,,,,,,,,,,,,,,,Kannibalismus,,,,,,,,,,,,,,,,,,Kannibalismus,,,,,,,,,,,,,,,,,,Kannibalismus,,,,,,,,,,,,,,,,,
Kantianismus,Substantiv,,m,Kantianismus,,,,,,,,,,,,,,,,,,Kantianismus,,,,,,,,,,,,,,,,,,Kantianismus,,,,,,,,,,,,,,,,,,Kantianismus,,,,,,,,,,,,,,,,,
Kapitalismus,Substantiv,,m,Kapitalismus,,,,,,,,,,,,,,,,,,Kapitalismus,,,,,,,,,,,,,,,,,,Kapitalismus,,,,,,,,,,,,,,,,,,Kapitalismus,,,,,,,,,,,,,,,,,
Kapitalismusanalyse,Substantiv,"Kapitalismus,Analyse",f,Kapitalismusanalyse,,,,,,,,,Kapitalismusanalysen,,,,,,,,,Kapitalismusanalyse,,,,,,,,,Kapitalismusanalysen,,,,,,,,,Kapitalismusanalyse,,,,,,,,,Kapitalismusanalysen,,,,,,,,,Kapitalismusanalyse,,,,,,,,,Kapitalismusanalysen,,,,,,,,
Karlismus,Substantiv,,m,Karlismus,,,,,,,,,,,,,,,,,,Karlismus,,,,,,,,,,,,,,,,,,Karlismus,,,,,,,,,,,,,,,,,,Karlismus,,,,,,,,,,,,,,,,,
Kartesianismus,Substantiv,,m,Kartesianismus,,,,,,,,,,,,,,,,,,Kartesianismus,,,,,,,,,,,,,,,,,,Kartesianismus,,,,,,,,,,,,,,,,,,Kartesianismus,,,,,,,,,,,,,,,,,
Kastellanismus,Substantiv,,m,Kastellanismus,,,,,,,,,Kastellanismen,,,,,,,,,Kastellanismus,,,,,,,,,Kastellanismen,,,,,,,,,Kastellanismus,,,,,,,,,Kastellanismen,,,,,,,,,Kastellanismus,,,,,,,,,Kastellanismen,,,,,,,,
Katabolismus,Substantiv,,m,Katabolismus,,,,,,,,,,,,,,,,,,Katabolismus,,,,,,,,,,,,,,,,,,Katabolismus,,,,,,,,,,,,,,,,,,Katabolismus,,,,,,,,,,,,,,,,,
Katalanismus,Substantiv,,m,Katalanismus,,,,,,,,,Katalanismen,,,,,,,,,Katalanismus,,,,,,,,,Katalanismen,,,,,,,,,Katalanismus,,,,,,,,,Katalanismen,,,,,,,,,Katalanismus,,,,,,,,,Katalanismen,,,,,,,,
Katechismus,Substantiv,,m,Katechismus,,,,,,,,,Katechismen,,,,,,,,,Katechismus,,,,,,,,,Katechismen,,,,,,,,,Katechismus,,,,,,,,,Katechismen,,,,,,,,,Katechismus,,,,,,,,,Katechismen,,,,,,,,
Katechismusunterricht,Substantiv,"Katechismus,Unterricht",m,Katechismusunterricht,,,,,,,,,,,,,,,,,,Katechismusunterrichts,,,,,,,,,,,,,,,,,,Katechismusunterricht,,,,,,,,,,,,,,,,,,Katechismusunterricht,,,,,,,,,,,,,,,,,
Katharismus,Substantiv,,m,Katharismus,,,,,,,,,,,,,,,,,,Katharismus,,,,,,,,,,,,,,,,,,Katharismus,,,,,,,,,,,,,,,,,,Katharismus,,,,,,,,,,,,,,,,,
Katholizismus,Substantiv,,m,Katholizismus,,,,,,,,,,,,,,,,,,Katholizismus,,,,,,,,,,,,,,,,,,Katholizismus,,,,,,,,,,,,,,,,,,Katholizismus,,,,,,,,,,,,,,,,,
Keynesianismus,Substantiv,,m,Keynesianismus,,,,,,,,,,,,,,,,,,Keynesianismus,,,,,,,,,,,,,,,,,,Keynesianismus,,,,,,,,,,,,,,,,,,Keynesianismus,,,,,,,,,,,,,,,,,
Klapperatismus,Substantiv,,m,Klapperatismus,,,,,,,,,Klapperatismen,,,,,,,,,Klapperatismus,,,,,,,,,Klapperatismen,,,,,,,,,Klapperatismus,,,,,,,,,Klapperatismen,,,,,,,,,Klapperatismus,,,,,,,,,Klapperatismen,,,,,,,,
Klassizismus,Substantiv,,m,Klassizismus,,,,,,,,,Klassizismen,,,,,,,,,Klassizismus,,,,,,,,,Klassizismen,,,,,,,,,Klassizismus,,,,,,,,,Klassizismen,,,,,,,,,Klassizismus,,,,,,,,,Klassizismen,,,,,,,,
Kohlenstoffchauvinismus,Substantiv,,m,Kohlenstoffchauvinismus,,,,,,,,,,,,,,,,,,Kohlenstoffchauvinismus,,,,,,,,,,,,,,,,,,Kohlenstoffchauvinismus,,,,,,,,,,,,,,,,,,Kohlenstoffchauvinismus,,,,,,,,,,,,,,,,,
Kolonialismus,Substantiv,,m,Kolonialismus,,,,,,,,,,,,,,,,,,Kolonialismus,,,,,,,,,,,,,,,,,,Kolonialismus,,,,,,,,,,,,,,,,,,Kolonialismus,,,,,,,,,,,,,,,,,
Kommunismus,Substantiv,,m,Kommunismus,,,,,,,,,,,,,,,,,,Kommunismus,,,,,,,,,,,,,,,,,,Kommunismus,,,,,,,,,,,,,,,,,,Kommunismus,,,,,,,,,,,,,,,,,
Kommunitarismus,Substantiv,,m,Kommunitarismus,,,,,,,,,,,,,,,,,,Kommunitarismus,,,,,,,,,,,,,,,,,,Kommunitarismus,,,,,,,,,,,,,,,,,,Kommunitarismus,,,,,,,,,,,,,,,,,
Kompatibilismus,Substantiv,,m,Kompatibilismus,,,,,,,,,,,,,,,,,,Kompatibilismus,,,,,,,,,,,,,,,,,,Kompatibilismus,,,,,,,,,,,,,,,,,,Kompatibilismus,,,,,,,,,,,,,,,,,
Konfessionalismus,Substantiv,,m,Konfessionalismus,,,,,,,,,,,,,,,,,,Konfessionalismus,,,,,,,,,,,,,,,,,,Konfessionalismus,,,,,,,,,,,,,,,,,,Konfessionalismus,,,,,,,,,,,,,,,,,
Konfuzianismus,Substantiv,,m,Konfuzianismus,,,,,,,,,–,,,,,,,,,Konfuzianismus,,,,,,,,,–,,,,,,,,,Konfuzianismus,,,,,,,,,–,,,,,,,,,Konfuzianismus,,,,,,,,,–,,,,,,,,
Konsonantismus,Substantiv,,m,Konsonantismus,,,,,,,,,,,,,,,,,,Konsonantismus,,,,,,,,,,,,,,,,,,Konsonantismus,,,,,,,,,,,,,,,,,,Konsonantismus,,,,,,,,,,,,,,,,,
Konstruktivismus,Substantiv,,m,Konstruktivismus,,,,,,,,,,,,,,,,,,Konstruktivismus,,,,,,,,,,,,,,,,,,Konstruktivismus,,,,,,,,,,,,,,,,,,Konstruktivismus,,,,,,,,,,,,,,,,,
Kontraktualismus,Substantiv,,m,Kontraktualismus,,,,,,,,,,,,,,,,,,Kontraktualismus,,,,,,,,,,,,,,,,,,Kontraktualismus,,,,,,,,,,,,,,,,,,Kontraktualismus,,,,,,,,,,,,,,,,,
Kreationismus,Substantiv,,m,Kreationismus,,,,,,,,,,,,,,,,,,Kreationismus,,,,,,,,,,,,,,,,,,Kreationismus,,,,,,,,,,,,,,,,,,Kreationismus,,,,,,,,,,,,,,,,,
Kretinismus,Substantiv,,m,Kretinismus,,,,,,,,,,,,,,,,,,Kretinismus,,,,,,,,,,,,,,,,,,Kretinismus,,,,,,,,,,,,,,,,,,Kretinismus,,,,,,,,,,,,,,,,,
Krozidismus,Substantiv,,m,Krozidismus,,,,,,,,,,,,,,,,,,Krozidismus,,,,,,,,,,,,,,,,,,Krozidismus,,,,,,,,,,,,,,,,,,Krozidismus,,,,,,,,,,,,,,,,,
Kubismus,Substantiv,,m,Kubismus,,,,,,,,,,,,,,,,,,Kubismus,,,,,,,,,,,,,,,,,,Kubismus,,,,,,,,,,,,,,,,,,Kubismus,,,,,,,,,,,,,,,,,
Kulturalismus,Substantiv,,m,Kulturalismus,,,,,,,,,,,,,,,,,,Kulturalismus,,,,,,,,,,,,,,,,,,Kulturalismus,,,,,,,,,,,,,,,,,,Kulturalismus,,,,,,,,,,,,,,,,,
Kulturpessimismus,Substantiv,"Kultur,Pessimismus",m,Kulturpessimismus,,,,,,,,,,,,,,,,,,Kulturpessimismus,,,,,,,,,,,,,,,,,,Kulturpessimismus,,,,,,,,,,,,,,,,,,Kulturpessimismus,,,,,,,,,,,,,,,,,
Kurtourismus,Substantiv,"Kur,Tourismus",m,Kurtourismus,,,,,,,,,,,,,,,,,,Kurtourismus,,,,,,,,,,,,,,,,,,Kurtourismus,,,,,,,,,,,,,,,,,,Kurtourismus,,,,,,,,,,,,,,,,,
Laizismus,Substantiv,,m,Laizismus,,,,,,,,,,,,,,,,,,Laizismus,,,,,,,,,,,,,,,,,,Laizismus,,,,,,,,,,,,,,,,,,Laizismus,,,,,,,,,,,,,,,,,
Lakto-Vegetarismus,Substantiv,,m,Lakto-Vegetarismus,,,,,,,,,,,,,,,,,,Lakto-Vegetarismus,,,,,,,,,,,,,,,,,,Lakto-Vegetarismus,,,,,,,,,,,,,,,,,,Lakto-Vegetarismus,,,,,,,,,,,,,,,,,
Laktovegetarismus,Substantiv,,m,Laktovegetarismus,,,,,,,,,,,,,,,,,,Laktovegetarismus,,,,,,,,,,,,,,,,,,Laktovegetarismus,,,,,,,,,,,,,,,,,,Laktovegetarismus,,,,,,,,,,,,,,,,,
Lamarckismus,Substantiv,,m,Lamarckismus,,,,,,,,,,,,,,,,,,Lamarckismus,,,,,,,,,,,,,,,,,,Lamarckismus,,,,,,,,,,,,,,,,,,Lamarckismus,,,,,,,,,,,,,,,,,
Lambdazismus,Substantiv,,m,Lambdazismus,,,,,,,,,,,,,,,,,,Lambdazismus,,,,,,,,,,,,,,,,,,Lambdazismus,,,,,,,,,,,,,,,,,,Lambdazismus,,,,,,,,,,,,,,,,,
Latinismus,Substantiv,,m,Latinismus,,,,,,,,,Latinismen,,,,,,,,,Latinismus,,,,,,,,,Latinismen,,,,,,,,,Latinismus,,,,,,,,,Latinismen,,,,,,,,,Latinismus,,,,,,,,,Latinismen,,,,,,,,
Laxismus,Substantiv,,m,Laxismus,,,,,,,,,,,,,,,,,,Laxismus,,,,,,,,,,,,,,,,,,Laxismus,,,,,,,,,,,,,,,,,,Laxismus,,,,,,,,,,,,,,,,,
Liberalismus,Substantiv,,m,Liberalismus,,,,,,,,,,,,,,,,,,Liberalismus,,,,,,,,,,,,,,,,,,Liberalismus,,,,,,,,,,,,,,,,,,Liberalismus,,,,,,,,,,,,,,,,,
Libertarianismus,Substantiv,,m,Libertarianismus,,,,,,,,,,,,,,,,,,Libertarianismus,,,,,,,,,,,,,,,,,,Libertarianismus,,,,,,,,,,,,,,,,,,Libertarianismus,,,,,,,,,,,,,,,,,
Libertarismus,Substantiv,,m,Libertarismus,,,,,,,,,,,,,,,,,,Libertarismus,,,,,,,,,,,,,,,,,,Libertarismus,,,,,,,,,,,,,,,,,,Libertarismus,,,,,,,,,,,,,,,,,
Linkspopulismus,Substantiv,,m,Linkspopulismus,,,,,,,,,,,,,,,,,,Linkspopulismus,,,,,,,,,,,,,,,,,,Linkspopulismus,,,,,,,,,,,,,,,,,,Linkspopulismus,,,,,,,,,,,,,,,,,
Linksterrorismus,Substantiv,,m,Linksterrorismus,,,,,,,,,,,,,,,,,,Linksterrorismus,,,,,,,,,,,,,,,,,,Linksterrorismus,,,,,,,,,,,,,,,,,,Linksterrorismus,,,,,,,,,,,,,,,,,
Lobbyismus,Substantiv,,m,Lobbyismus,,,,,,,,,,,,,,,,,,Lobbyismus,,,,,,,,,,,,,,,,,,Lobbyismus,,,,,,,,,,,,,,,,,,Lobbyismus,,,,,,,,,,,,,,,,,
Logismus,Substantiv,,m,Logismus,,,,,,,,,Logismen,,,,,,,,,Logismus,,,,,,,,,Logismen,,,,,,,,,Logismus,,,,,,,,,Logismen,,,,,,,,,Logismus,,,,,,,,,Logismen,,,,,,,,
Logizismus,Substantiv,,m,Logizismus,,,,,,,,,,,,,,,,,,Logizismus,,,,,,,,,,,,,,,,,,Logizismus,,,,,,,,,,,,,,,,,,Logizismus,,,,,,,,,,,,,,,,,
Luddismus,Substantiv,,m,Luddismus,,,,,,,,,,,,,,,,,,Luddismus,,,,,,,,,,,,,,,,,,Luddismus,,,,,,,,,,,,,,,,,,Luddismus,,,,,,,,,,,,,,,,,
Luminismus,Substantiv,,m,Luminismus,,,,,,,,,,,,,,,,,,Luminismus,,,,,,,,,,,,,,,,,,Luminismus,,,,,,,,,,,,,,,,,,Luminismus,,,,,,,,,,,,,,,,,
Lusitanismus,Substantiv,,m,Lusitanismus,,,,,,,,,Lusitanismen,,,,,,,,,Lusitanismus,,,,,,,,,Lusitanismen,,,,,,,,,Lusitanismus,,,,,,,,,Lusitanismen,,,,,,,,,Lusitanismus,,,,,,,,,Lusitanismen,,,,,,,,
Machiavellismus,Substantiv,,m,Machiavellismus,,,,,,,,,,,,,,,,,,Machiavellismus,,,,,,,,,,,,,,,,,,Machiavellismus,,,,,,,,,,,,,,,,,,Machiavellismus,,,,,,,,,,,,,,,,,
Magnetismus,Substantiv,,m,Magnetismus,,,,,,,,,,,,,,,,,,Magnetismus,,,,,,,,,,,,,,,,,,Magnetismus,,,,,,,,,,,,,,,,,,Magnetismus,,,,,,,,,,,,,,,,,
Manichäismus,Substantiv,,m,Manichäismus,,,,,,,,,,,,,,,,,,Manichäismus,,,,,,,,,,,,,,,,,,Manichäismus,,,,,,,,,,,,,,,,,,Manichäismus,,,,,,,,,,,,,,,,,
Manierismus,Substantiv,,m,Manierismus,,,,,,,,,,,,,,,,,,Manierismus,,,,,,,,,,,,,,,,,,Manierismus,,,,,,,,,,,,,,,,,,Manierismus,,,,,,,,,,,,,,,,,
Manismus,Substantiv,,m,Manismus,,,,,,,,,,,,,,,,,,Manismus,,,,,,,,,,,,,,,,,,Manismus,,,,,,,,,,,,,,,,,,Manismus,,,,,,,,,,,,,,,,,
Marxismus,Substantiv,,m,Marxismus,,,,,,,,,,,,,,,,,,Marxismus,,,,,,,,,,,,,,,,,,Marxismus,,,,,,,,,,,,,,,,,,Marxismus,,,,,,,,,,,,,,,,,
Masochismus,Substantiv,,m,Masochismus,,,,,,,,,,,,,,,,,,Masochismus,,,,,,,,,,,,,,,,,,Masochismus,,,,,,,,,,,,,,,,,,Masochismus,,,,,,,,,,,,,,,,,
Materialismus,Substantiv,,m,Materialismus,,,,,,,,,,,,,,,,,,Materialismus,,,,,,,,,,,,,,,,,,Materialismus,,,,,,,,,,,,,,,,,,Materialismus,,,,,,,,,,,,,,,,,
McCarthyismus,Substantiv,,m,McCarthyismus,,,,,,,,,,,,,,,,,,McCarthyismus,,,,,,,,,,,,,,,,,,McCarthyismus,,,,,,,,,,,,,,,,,,McCarthyismus,,,,,,,,,,,,,,,,,
Mechanismus,Substantiv,,m,Mechanismus,,,,,,,,,Mechanismen,,,,,,,,,Mechanismus,,,,,,,,,Mechanismen,,,,,,,,,Mechanismus,,,,,,,,,Mechanismen,,,,,,,,,Mechanismus,,,,,,,,,Mechanismen,,,,,,,,
Melanismus,Substantiv,,m,Melanismus,,,,,,,,,,,,,,,,,,Melanismus,,,,,,,,,,,,,,,,,,Melanismus,,,,,,,,,,,,,,,,,,Melanismus,,,,,,,,,,,,,,,,,
Mendelismus,Substantiv,,m,Mendelismus,,,,,,,,,,,,,,,,,,Mendelismus,,,,,,,,,,,,,,,,,,Mendelismus,,,,,,,,,,,,,,,,,,Mendelismus,,,,,,,,,,,,,,,,,
Mentalismus,Substantiv,,m,Mentalismus,,,,,,,,,,,,,,,,,,Mentalismus,,,,,,,,,,,,,,,,,,Mentalismus,,,,,,,,,,,,,,,,,,Mentalismus,,,,,,,,,,,,,,,,,
Merkantilismus,Substantiv,,m,Merkantilismus,,,,,,,,,,,,,,,,,,Merkantilismus,,,,,,,,,,,,,,,,,,Merkantilismus,,,,,,,,,,,,,,,,,,Merkantilismus,,,,,,,,,,,,,,,,,
Mesmerismus,Substantiv,,m,Mesmerismus,,,,,,,,,,,,,,,,,,Mesmerismus,,,,,,,,,,,,,,,,,,Mesmerismus,,,,,,,,,,,,,,,,,,Mesmerismus,,,,,,,,,,,,,,,,,
Metabolismus,Substantiv,,m,Metabolismus,,,,,,,,,Metabolismen,,,,,,,,,Metabolismus,,,,,,,,,Metabolismen,,,,,,,,,Metabolismus,,,,,,,,,Metabolismen,,,,,,,,,Metabolismus,,,,,,,,,Metabolismen,,,,,,,,
Meteorismus,Substantiv,,m,Meteorismus,,,,,,,,,Meteorismen,,,,,,,,,Meteorismus,,,,,,,,,Meteorismen,,,,,,,,,Meteorismus,,,,,,,,,Meteorismen,,,,,,,,,Meteorismus,,,,,,,,,Meteorismen,,,,,,,,
Mikroorganismus,Substantiv,"Mikro-,Organismus",m,Mikroorganismus,,,,,,,,,Mikroorganismen,,,,,,,,,Mikroorganismus,,,,,,,,,Mikroorganismen,,,,,,,,,Mikroorganismus,,,,,,,,,Mikroorganismen,,,,,,,,,Mikroorganismus,,,,,,,,,Mikroorganismen,,,,,,,,
Militarismus,Substantiv,,m,Militarismus,,,,,,,,,Militarismen,,,,,,,,,Militarismus,,,,,,,,,Militarismen,,,,,,,,,Militarismus,,,,,,,,,Militarismen,,,,,,,,,Militarismus,,,,,,,,,Militarismen,,,,,,,,
Millenarismus,Substantiv,,m,Millenarismus,,,,,,,,,,,,,,,,,,Millenarismus,,,,,,,,,,,,,,,,,,Millenarismus,,,,,,,,,,,,,,,,,,Millenarismus,,,,,,,,,,,,,,,,,
Minimalismus,Substantiv,,m,Minimalismus,,,,,,,,,,,,,,,,,,Minimalismus,,,,,,,,,,,,,,,,,,Minimalismus,,,,,,,,,,,,,,,,,,Minimalismus,,,,,,,,,,,,,,,,,
Mithraismus,Substantiv,,m,Mithraismus,,,,,,,,,,,,,,,,,,Mithraismus,Mithraismuses,,,,,,,,,,,,,,,,,Mithraismus,,,,,,,,,,,,,,,,,,Mithraismus,,,,,,,,,,,,,,,,,
Mittelplatonismus,Substantiv,,m,Mittelplatonismus,,,,,,,,,,,,,,,,,,Mittelplatonismus,,,,,,,,,,,,,,,,,,Mittelplatonismus,,,,,,,,,,,,,,,,,,Mittelplatonismus,,,,,,,,,,,,,,,,,
Modernismus,Substantiv,,m,Modernismus,,,,,,,,,Modernismen,,,,,,,,,Modernismus,,,,,,,,,Modernismen,,,,,,,,,Modernismus,,,,,,,,,Modernismen,,,,,,,,,Modernismus,,,,,,,,,Modernismen,,,,,,,,
Molinismus,Substantiv,,m,Molinismus,,,,,,,,,,,,,,,,,,Molinismus,,,,,,,,,,,,,,,,,,Molinismus,,,,,,,,,,,,,,,,,,Molinismus,,,,,,,,,,,,,,,,,
Monismus,Substantiv,,m,Monismus,,,,,,,,,,,,,,,,,,Monismus,,,,,,,,,,,,,,,,,,Monismus,,,,,,,,,,,,,,,,,,Monismus,,,,,,,,,,,,,,,,,
Monolingualismus,Substantiv,,m,Monolingualismus,,,,,,,,,,,,,,,,,,Monolingualismus,,,,,,,,,,,,,,,,,,Monolingualismus,,,,,,,,,,,,,,,,,,Monolingualismus,,,,,,,,,,,,,,,,,
Monophysitismus,Substantiv,,m,Monophysitismus,,,,,,,,,,,,,,,,,,Monophysitismus,,,,,,,,,,,,,,,,,,Monophysitismus,,,,,,,,,,,,,,,,,,Monophysitismus,,,,,,,,,,,,,,,,,
Monotheismus,Substantiv,,m,Monotheismus,,,,,,,,,,,,,,,,,,Monotheismus,,,,,,,,,,,,,,,,,,Monotheismus,,,,,,,,,,,,,,,,,,Monotheismus,,,,,,,,,,,,,,,,,
Morphinismus,Substantiv,,m,Morphinismus,,,,,,,,,,,,,,,,,,Morphinismus,,,,,,,,,,,,,,,,,,Morphinismus,,,,,,,,,,,,,,,,,,Morphinismus,,,,,,,,,,,,,,,,,
Multikulturalismus,Substantiv,,m,Multikulturalismus,,,,,,,,,,,,,,,,,,Multikulturalismus,,,,,,,,,,,,,,,,,,Multikulturalismus,,,,,,,,,,,,,,,,,,Multikulturalismus,,,,,,,,,,,,,,,,,
Multilateralismus,Substantiv,,m,Multilateralismus,,,,,,,,,,,,,,,,,,Multilateralismus,,,,,,,,,,,,,,,,,,Multilateralismus,,,,,,,,,,,,,,,,,,Multilateralismus,,,,,,,,,,,,,,,,,
Multilingualismus,Substantiv,,m,Multilingualismus,,,,,,,,,,,,,,,,,,Multilingualismus,,,,,,,,,,,,,,,,,,Multilingualismus,,,,,,,,,,,,,,,,,,Multilingualismus,,,,,,,,,,,,,,,,,
Muralismus,Substantiv,,m,Muralismus,,,,,,,,,,,,,,,,,,Muralismus,,,,,,,,,,,,,,,,,,Muralismus,,,,,,,,,,,,,,,,,,Muralismus,,,,,,,,,,,,,,,,,
Mutismus,Substantiv,,m,Mutismus,,,,,,,,,,,,,,,,,,Mutismus,,,,,,,,,,,,,,,,,,Mutismus,,,,,,,,,,,,,,,,,,Mutismus,,,,,,,,,,,,,,,,,
Mutualismus,Substantiv,,m,Mutualismus,,,,,,,,,,,,,,,,,,Mutualismus,,,,,,,,,,,,,,,,,,Mutualismus,,,,,,,,,,,,,,,,,,Mutualismus,,,,,,,,,,,,,,,,,
Myketismus,Substantiv,,m,Myketismus,,,,,,,,,Myketismen,,,,,,,,,Myketismus,,,,,,,,,Myketismen,,,,,,,,,Myketismus,,,,,,,,,Myketismen,,,,,,,,,Myketismus,,,,,,,,,Myketismen,,,,,,,,
Mystizismus,Substantiv,,m,Mystizismus,,,,,,,,,Mystizismen,,,,,,,,,Mystizismus,,,,,,,,,Mystizismen,,,,,,,,,Mystizismus,,,,,,,,,Mystizismen,,,,,,,,,Mystizismus,,,,,,,,,Mystizismen,,,,,,,,
Myzetismus,Substantiv,,m,Myzetismus,,,,,,,,,Myzetismen,,,,,,,,,Myzetismus,,,,,,,,,Myzetismen,,,,,,,,,Myzetismus,,,,,,,,,Myzetismen,,,,,,,,,Myzetismus,,,,,,,,,Myzetismen,,,,,,,,
Nagualismus,Substantiv,,m,Nagualismus,,,,,,,,,,,,,,,,,,Nagualismus,,,,,,,,,,,,,,,,,,Nagualismus,,,,,,,,,,,,,,,,,,Nagualismus,,,,,,,,,,,,,,,,,
Nanismus,Substantiv,,m,Nanismus,,,,,,,,,,,,,,,,,,Nanismus,,,,,,,,,,,,,,,,,,Nanismus,,,,,,,,,,,,,,,,,,Nanismus,,,,,,,,,,,,,,,,,
Narkotismus,Substantiv,,m,Narkotismus,,,,,,,,,,,,,,,,,,Narkotismus,,,,,,,,,,,,,,,,,,Narkotismus,,,,,,,,,,,,,,,,,,Narkotismus,,,,,,,,,,,,,,,,,
Nationalismus,Substantiv,,m,Nationalismus,,,,,,,,,Nationalismen,,,,,,,,,Nationalismus,,,,,,,,,Nationalismen,,,,,,,,,Nationalismus,,,,,,,,,Nationalismen,,,,,,,,,Nationalismus,,,,,,,,,Nationalismen,,,,,,,,
Nationalsozialismus,Substantiv,,m,Nationalsozialismus,,,,,,,,,,,,,,,,,,Nationalsozialismus,,,,,,,,,,,,,,,,,,Nationalsozialismus,,,,,,,,,,,,,,,,,,Nationalsozialismus,,,,,,,,,,,,,,,,,
Nativismus,Substantiv,,m,Nativismus,,,,,,,,,,,,,,,,,,Nativismus,,,,,,,,,,,,,,,,,,Nativismus,,,,,,,,,,,,,,,,,,Nativismus,,,,,,,,,,,,,,,,,
Naturalismus,Substantiv,,m,Naturalismus,,,,,,,,,Naturalismen,,,,,,,,,Naturalismus,,,,,,,,,Naturalismen,,,,,,,,,Naturalismus,,,,,,,,,Naturalismen,,,,,,,,,Naturalismus,,,,,,,,,Naturalismen,,,,,,,,
Navalismus,Substantiv,,m,Navalismus,,,,,,,,,Navalismen,,,,,,,,,Navalismus,,,,,,,,,Navalismen,,,,,,,,,Navalismus,,,,,,,,,Navalismen,,,,,,,,,Navalismus,,,,,,,,,Navalismen,,,,,,,,
Nazismus,Substantiv,,m,Nazismus,,,,,,,,,,,,,,,,,,Nazismus,,,,,,,,,,,,,,,,,,Nazismus,,,,,,,,,,,,,,,,,,Nazismus,,,,,,,,,,,,,,,,,
Neodarwinismus,Substantiv,"neo-,Darwinismus",m,Neodarwinismus,,,,,,,,,,,,,,,,,,Neodarwinismus,,,,,,,,,,,,,,,,,,Neodarwinismus,,,,,,,,,,,,,,,,,,Neodarwinismus,,,,,,,,,,,,,,,,,
Neofaschismus,Substantiv,,m,Neofaschismus,,,,,,,,,–,,,,,,,,,Neofaschismus,,,,,,,,,–,,,,,,,,,Neofaschismus,,,,,,,,,–,,,,,,,,,Neofaschismus,,,,,,,,,–,,,,,,,,
Neolamarckismus,Substantiv,"neo-,Lamarckismus",m,Neolamarckismus,,,,,,,,,,,,,,,,,,Neolamarckismus,,,,,,,,,,,,,,,,,,Neolamarckismus,,,,,,,,,,,,,,,,,,Neolamarckismus,,,,,,,,,,,,,,,,,
Neoliberalismus,Substantiv,,m,Neoliberalismus,,,,,,,,,,,,,,,,,,Neoliberalismus,,,,,,,,,,,,,,,,,,Neoliberalismus,,,,,,,,,,,,,,,,,,Neoliberalismus,,,,,,,,,,,,,,,,,
Neologismus,Substantiv,,m,Neologismus,,,,,,,,,Neologismen,,,,,,,,,Neologismus,,,,,,,,,Neologismen,,,,,,,,,Neologismus,,,,,,,,,Neologismen,,,,,,,,,Neologismus,,,,,,,,,Neologismen,,,,,,,,
Neovitalismus,Substantiv,"neo-,Vitalismus",m,Neovitalismus,,,,,,,,,,,,,,,,,,Neovitalismus,,,,,,,,,,,,,,,,,,Neovitalismus,,,,,,,,,,,,,,,,,,Neovitalismus,,,,,,,,,,,,,,,,,
Nepotismus,Substantiv,,m,Nepotismus,,,,,,,,,,,,,,,,,,Nepotismus,,,,,,,,,,,,,,,,,,Nepotismus,,,,,,,,,,,,,,,,,,Nepotismus,,,,,,,,,,,,,,,,,
Neptunismus,Substantiv,,m,Neptunismus,,,,,,,,,,,,,,,,,,Neptunismus,,,,,,,,,,,,,,,,,,Neptunismus,,,,,,,,,,,,,,,,,,Neptunismus,,,,,,,,,,,,,,,,,
Neuhumanismus,Substantiv,"neu,Humanismus",m,Neuhumanismus,,,,,,,,,,,,,,,,,,Neuhumanismus,,,,,,,,,,,,,,,,,,Neuhumanismus,,,,,,,,,,,,,,,,,,Neuhumanismus,,,,,,,,,,,,,,,,,
Neukantianismus,Substantiv,"neu,Kantianismus",m,Neukantianismus,,,,,,,,,,,,,,,,,,Neukantianismus,,,,,,,,,,,,,,,,,,Neukantianismus,,,,,,,,,,,,,,,,,,Neukantianismus,,,,,,,,,,,,,,,,,
Neuplatonismus,Substantiv,"neu,Platonismus",m,Neuplatonismus,,,,,,,,,,,,,,,,,,Neuplatonismus,,,,,,,,,,,,,,,,,,Neuplatonismus,,,,,,,,,,,,,,,,,,Neuplatonismus,,,,,,,,,,,,,,,,,
Nihilismus,Substantiv,,m,Nihilismus,,,,,,,,,,,,,,,,,,Nihilismus,,,,,,,,,,,,,,,,,,Nihilismus,,,,,,,,,,,,,,,,,,Nihilismus,,,,,,,,,,,,,,,,,
Nominalismus,Substantiv,,m,Nominalismus,,,,,,,,,,,,,,,,,,Nominalismus,,,,,,,,,,,,,,,,,,Nominalismus,,,,,,,,,,,,,,,,,,Nominalismus,,,,,,,,,,,,,,,,,
Okkasionalismus,Substantiv,,m,Okkasionalismus,,,,,,,,,Okkasionalismen,,,,,,,,,Okkasionalismus,,,,,,,,,Okkasionalismen,,,,,,,,,Okkasionalismus,,,,,,,,,Okkasionalismen,,,,,,,,,Okkasionalismus,,,,,,,,,Okkasionalismen,,,,,,,,
Okkultismus,Substantiv,,m,Okkultismus,,,,,,,,,Okkultismen,,,,,,,,,Okkultismus,,,,,,,,,Okkultismen,,,,,,,,,Okkultismus,,,,,,,,,Okkultismen,,,,,,,,,Okkultismus,,,,,,,,,Okkultismen,,,,,,,,
Opportunismus,Substantiv,,m,Opportunismus,,,,,,,,,,,,,,,,,,Opportunismus,,,,,,,,,,,,,,,,,,Opportunismus,,,,,,,,,,,,,,,,,,Opportunismus,,,,,,,,,,,,,,,,,
Optimismus,Substantiv,Optimum,m,Optimismus,,,,,,,,,,,,,,,,,,Optimismus,,,,,,,,,,,,,,,,,,Optimismus,,,,,,,,,,,,,,,,,,Optimismus,,,,,,,,,,,,,,,,,
Ostrazismus,Substantiv,,m,Ostrazismus,,,,,,,,,,,,,,,,,,Ostrazismus,,,,,,,,,,,,,,,,,,Ostrazismus,,,,,,,,,,,,,,,,,,Ostrazismus,,,,,,,,,,,,,,,,,
Pan-Deismus,Substantiv,,,,,,,,,,,,,,,,,,,,,,,,,,,,,,,,,,,,,,,,,,,,,,,,,,,,,,,,,,,,,,,,,,,,,,,,,,
Panarabismus,Substantiv,,m,Panarabismus,,,,,,,,,,,,,,,,,,Panarabismus,,,,,,,,,,,,,,,,,,Panarabismus,,,,,,,,,,,,,,,,,,Panarabismus,,,,,,,,,,,,,,,,,
Pandeismus,Substantiv,,m,Pandeismus,,,,,,,,,,,,,,,,,,Pandeismus,,,,,,,,,,,,,,,,,,Pandeismus,,,,,,,,,,,,,,,,,,Pandeismus,,,,,,,,,,,,,,,,,
Panentheismus,Substantiv,,m,Panentheismus,,,,,,,,,,,,,,,,,,Panentheismus,,,,,,,,,,,,,,,,,,Panentheismus,,,,,,,,,,,,,,,,,,Panentheismus,,,,,,,,,,,,,,,,,
Pangermanismus,Substantiv,,m,Pangermanismus,,,,,,,,,,,,,,,,,,Pangermanismus,,,,,,,,,,,,,,,,,,Pangermanismus,,,,,,,,,,,,,,,,,,Pangermanismus,,,,,,,,,,,,,,,,,
Panhellenismus,Substantiv,,m,Panhellenismus,,,,,,,,,,,,,,,,,,Panhellenismus,,,,,,,,,,,,,,,,,,Panhellenismus,,,,,,,,,,,,,,,,,,Panhellenismus,,,,,,,,,,,,,,,,,
Panislamismus,Substantiv,,m,Panislamismus,,,,,,,,,,,,,,,,,,Panislamismus,,,,,,,,,,,,,,,,,,Panislamismus,,,,,,,,,,,,,,,,,,Panislamismus,,,,,,,,,,,,,,,,,
Panpsychismus,Substantiv,,m,Panpsychismus,,,,,,,,,,,,,,,,,,Panpsychismus,,,,,,,,,,,,,,,,,,Panpsychismus,,,,,,,,,,,,,,,,,,Panpsychismus,,,,,,,,,,,,,,,,,
Panrussismus,Substantiv,,m,Panrussismus,,,,,,,,,,,,,,,,,,Panrussismus,,,,,,,,,,,,,,,,,,Panrussismus,,,,,,,,,,,,,,,,,,Panrussismus,,,,,,,,,,,,,,,,,
Panslawismus,Substantiv,,m,Panslawismus,,,,,,,,,,,,,,,,,,Panslawismus,,,,,,,,,,,,,,,,,,Panslawismus,,,,,,,,,,,,,,,,,,Panslawismus,,,,,,,,,,,,,,,,,
Pantheismus,Substantiv,,m,Pantheismus,,,,,,,,,,,,,,,,,,Pantheismus,,,,,,,,,,,,,,,,,,Pantheismus,,,,,,,,,,,,,,,,,,Pantheismus,,,,,,,,,,,,,,,,,
Parallelismus,Substantiv,,m,Parallelismus,,,,,,,,,Parallelismen,,,,,,,,,Parallelismus,,,,,,,,,Parallelismen,,,,,,,,,Parallelismus,,,,,,,,,Parallelismen,,,,,,,,,Parallelismus,,,,,,,,,Parallelismen,,,,,,,,
Party-Patriotismus,Substantiv,,m,Party-Patriotismus,,,,,,,,,,,,,,,,,,Party-Patriotismus,,,,,,,,,,,,,,,,,,Party-Patriotismus,,,,,,,,,,,,,,,,,,Party-Patriotismus,,,,,,,,,,,,,,,,,
Pastafarianismus,Substantiv,,m,Pastafarianismus,,,,,,,,,,,,,,,,,,Pastafarianismus,,,,,,,,,,,,,,,,,,Pastafarianismus,,,,,,,,,,,,,,,,,,Pastafarianismus,,,,,,,,,,,,,,,,,
Paternalismus,Substantiv,,m,Paternalismus,,,,,,,,,,,,,,,,,,Paternalismus,,,,,,,,,,,,,,,,,,Paternalismus,,,,,,,,,,,,,,,,,,Paternalismus,,,,,,,,,,,,,,,,,
Patriotismus,Substantiv,,m,Patriotismus,,,,,,,,,,,,,,,,,,Patriotismus,,,,,,,,,,,,,,,,,,Patriotismus,,,,,,,,,,,,,,,,,,Patriotismus,,,,,,,,,,,,,,,,,
Pauperismus,Substantiv,,m,Pauperismus,,,,,,,,,,,,,,,,,,Pauperismus,,,,,,,,,,,,,,,,,,Pauperismus,,,,,,,,,,,,,,,,,,Pauperismus,,,,,,,,,,,,,,,,,
Pazifismus,Substantiv,,m,Pazifismus,,,,,,,,,,,,,,,,,,Pazifismus,,,,,,,,,,,,,,,,,,Pazifismus,,,,,,,,,,,,,,,,,,Pazifismus,,,,,,,,,,,,,,,,,
Perfektionismus,Substantiv,,m,Perfektionismus,,,,,,,,,,,,,,,,,,Perfektionismus,,,,,,,,,,,,,,,,,,Perfektionismus,,,,,,,,,,,,,,,,,,Perfektionismus,,,,,,,,,,,,,,,,,
Pessimismus,Substantiv,,m,Pessimismus,,,,,,,,,,,,,,,,,,Pessimismus,,,,,,,,,,,,,,,,,,Pessimismus,,,,,,,,,,,,,,,,,,Pessimismus,,,,,,,,,,,,,,,,,
Petrarkismus,Substantiv,,m,Petrarkismus,,,,,,,,,,,,,,,,,,Petrarkismus,,,,,,,,,,,,,,,,,,Petrarkismus,,,,,,,,,,,,,,,,,,Petrarkismus,,,,,,,,,,,,,,,,,
Philosemitismus,Substantiv,,m,Philosemitismus,,,,,,,,,,,,,,,,,,Philosemitismus,,,,,,,,,,,,,,,,,,Philosemitismus,,,,,,,,,,,,,,,,,,Philosemitismus,,,,,,,,,,,,,,,,,
Phraseologismus,Substantiv,,m,Phraseologismus,,,,,,,,,Phraseologismen,,,,,,,,,Phraseologismus,,,,,,,,,Phraseologismen,,,,,,,,,Phraseologismus,,,,,,,,,Phraseologismen,,,,,,,,,Phraseologismus,,,,,,,,,Phraseologismen,,,,,,,,
Physikalismus,Substantiv,,m,Physikalismus,,,,,,,,,,,,,,,,,,Physikalismus,,,,,,,,,,,,,,,,,,Physikalismus,,,,,,,,,,,,,,,,,,Physikalismus,,,,,,,,,,,,,,,,,
Platonismus,Substantiv,,m,Platonismus,,,,,,,,,,,,,,,,,,Platonismus,,,,,,,,,,,,,,,,,,Platonismus,,,,,,,,,,,,,,,,,,Platonismus,,,,,,,,,,,,,,,,,
Pleochroismus,Substantiv,,m,Pleochroismus,,,,,,,,,,,,,,,,,,Pleochroismus,,,,,,,,,,,,,,,,,,Pleochroismus,,,,,,,,,,,,,,,,,,Pleochroismus,,,,,,,,,,,,,,,,,
Pluralismus,Substantiv,,m,Pluralismus,,,,,,,,,,,,,,,,,,Pluralismus,,,,,,,,,,,,,,,,,,Pluralismus,,,,,,,,,,,,,,,,,,Pluralismus,,,,,,,,,,,,,,,,,
Polonismus,Substantiv,,m,Polonismus,,,,,,,,,Polonismen,,,,,,,,,Polonismus,,,,,,,,,Polonismen,,,,,,,,,Polonismus,,,,,,,,,Polonismen,,,,,,,,,Polonismus,,,,,,,,,Polonismen,,,,,,,,
Polymorphismus,Substantiv,,m,Polymorphismus,,,,,,,,,Polymorphismen,,,,,,,,,Polymorphismus,,,,,,,,,Polymorphismen,,,,,,,,,Polymorphismus,,,,,,,,,Polymorphismen,,,,,,,,,Polymorphismus,,,,,,,,,Polymorphismen,,,,,,,,
Polytheismus,Substantiv,,m,Polytheismus,,,,,,,,,,,,,,,,,,Polytheismus,,,,,,,,,,,,,,,,,,Polytheismus,,,,,,,,,,,,,,,,,,Polytheismus,,,,,,,,,,,,,,,,,
Populismus,Substantiv,,m,Populismus,,,,,,,,,,,,,,,,,,Populismus,,,,,,,,,,,,,,,,,,Populismus,,,,,,,,,,,,,,,,,,Populismus,,,,,,,,,,,,,,,,,
Positivismus,Substantiv,,m,Positivismus,,,,,,,,,,,,,,,,,,Positivismus,,,,,,,,,,,,,,,,,,Positivismus,,,,,,,,,,,,,,,,,,Positivismus,,,,,,,,,,,,,,,,,
Pragmatismus,Substantiv,,m,Pragmatismus,,,,,,,,,,,,,,,,,,Pragmatismus,,,,,,,,,,,,,,,,,,Pragmatismus,,,,,,,,,,,,,,,,,,Pragmatismus,,,,,,,,,,,,,,,,,
Priapismus,Substantiv,,m,Priapismus,,,,,,,,,,,,,,,,,,Priapismus,,,,,,,,,,,,,,,,,,Priapismus,,,,,,,,,,,,,,,,,,Priapismus,,,,,,,,,,,,,,,,,
Probabilismus,Substantiv,,m,Probabilismus,,,,,,,,,,,,,,,,,,Probabilismus,,,,,,,,,,,,,,,,,,Probabilismus,,,,,,,,,,,,,,,,,,Probabilismus,,,,,,,,,,,,,,,,,
Prosyllogismus,Substantiv,,m,Prosyllogismus,,,,,,,,,Prosyllogismen,,,,,,,,,Prosyllogismus,,,,,,,,,Prosyllogismen,,,,,,,,,Prosyllogismus,,,,,,,,,Prosyllogismen,,,,,,,,,Prosyllogismus,,,,,,,,,Prosyllogismen,,,,,,,,
Protektionismus,Substantiv,,m,Protektionismus,,,,,,,,,,,,,,,,,,Protektionismus,,,,,,,,,,,,,,,,,,Protektionismus,,,,,,,,,,,,,,,,,,Protektionismus,,,,,,,,,,,,,,,,,
Protestantismus,Substantiv,,m,Protestantismus,,,,,,,,,,,,,,,,,,Protestantismus,,,,,,,,,,,,,,,,,,Protestantismus,,,,,,,,,,,,,,,,,,Protestantismus,,,,,,,,,,,,,,,,,
Präferenzutilitarismus,Substantiv,"Präferenz,Utilitarismus",m,Präferenzutilitarismus,,,,,,,,,,,,,,,,,,Präferenzutilitarismus,,,,,,,,,,,,,,,,,,Präferenzutilitarismus,,,,,,,,,,,,,,,,,,Präferenzutilitarismus,,,,,,,,,,,,,,,,,
Psychismus,Substantiv,,m,Psychismus,,,,,,,,,,,,,,,,,,Psychismus,,,,,,,,,,,,,,,,,,Psychismus,,,,,,,,,,,,,,,,,,Psychismus,,,,,,,,,,,,,,,,,
Psychologismus,Substantiv,,m,Psychologismus,,,,,,,,,,,,,,,,,,Psychologismus,,,,,,,,,,,,,,,,,,Psychologismus,,,,,,,,,,,,,,,,,,Psychologismus,,,,,,,,,,,,,,,,,
Purismus,Substantiv,,m,Purismus,,,,,,,,,Purismen,,,,,,,,,Purismus,,,,,,,,,Purismen,,,,,,,,,Purismus,,,,,,,,,Purismen,,,,,,,,,Purismus,,,,,,,,,Purismen,,,,,,,,
Qualitätsjournalismus,Substantiv,"Qualität,Journalismus",m,Qualitätsjournalismus,,,,,,,,,–,,,,,,,,,Qualitätsjournalismus,,,,,,,,,–,,,,,,,,,Qualitätsjournalismus,,,,,,,,,–,,,,,,,,,Qualitätsjournalismus,,,,,,,,,–,,,,,,,,
Radikalismus,Substantiv,,m,Radikalismus,,,,,,,,,Radikalismen,,,,,,,,,Radikalismus,,,,,,,,,Radikalismen,,,,,,,,,Radikalismus,,,,,,,,,Radikalismen,,,,,,,,,Radikalismus,,,,,,,,,Radikalismen,,,,,,,,
Rassismus,Substantiv,,m,Rassismus,,,,,,,,,Rassismen,,,,,,,,,Rassismus,,,,,,,,,Rassismen,,,,,,,,,Rassismus,,,,,,,,,Rassismen,,,,,,,,,Rassismus,,,,,,,,,Rassismen,,,,,,,,
Rastafarianismus,Substantiv,,m,Rastafarianismus,,,,,,,,,,,,,,,,,,Rastafarianismus,,,,,,,,,,,,,,,,,,Rastafarianismus,,,,,,,,,,,,,,,,,,Rastafarianismus,,,,,,,,,,,,,,,,,
Rationalismus,Substantiv,,m,Rationalismus,,,,,,,,,,,,,,,,,,Rationalismus,,,,,,,,,,,,,,,,,,Rationalismus,,,,,,,,,,,,,,,,,,Rationalismus,,,,,,,,,,,,,,,,,
Realismus,Substantiv,,m,Realismus,,,,,,,,,Realismen,,,,,,,,,Realismus,,,,,,,,,Realismen,,,,,,,,,Realismus,,,,,,,,,Realismen,,,,,,,,,Realismus,,,,,,,,,Realismen,,,,,,,,
Rechtsextremismus,Substantiv,"rechts,Extremismus",m,Rechtsextremismus,,,,,,,,,,,,,,,,,,Rechtsextremismus,,,,,,,,,,,,,,,,,,Rechtsextremismus,,,,,,,,,,,,,,,,,,Rechtsextremismus,,,,,,,,,,,,,,,,,
Rechtspopulismus,Substantiv,,m,Rechtspopulismus,,,,,,,,,,,,,,,,,,Rechtspopulismus,,,,,,,,,,,,,,,,,,Rechtspopulismus,,,,,,,,,,,,,,,,,,Rechtspopulismus,,,,,,,,,,,,,,,,,
Rechtsradikalismus,Substantiv,,m,Rechtsradikalismus,,,,,,,,,Rechtsradikalismen,,,,,,,,,Rechtsradikalismus,,,,,,,,,Rechtsradikalismen,,,,,,,,,Rechtsradikalismus,,,,,,,,,Rechtsradikalismen,,,,,,,,,Rechtsradikalismus,,,,,,,,,Rechtsradikalismen,,,,,,,,
Rechtsterrorismus,Substantiv,,m,Rechtsterrorismus,,,,,,,,,,,,,,,,,,Rechtsterrorismus,,,,,,,,,,,,,,,,,,Rechtsterrorismus,,,,,,,,,,,,,,,,,,Rechtsterrorismus,,,,,,,,,,,,,,,,,
Reduktionismus,Substantiv,,m,Reduktionismus,,,,,,,,,,,,,,,,,,Reduktionismus,,,,,,,,,,,,,,,,,,Reduktionismus,,,,,,,,,,,,,,,,,,Reduktionismus,,,,,,,,,,,,,,,,,
Regelutilitarismus,Substantiv,"Regel,Utilitarismus",m,Regelutilitarismus,,,,,,,,,,,,,,,,,,Regelutilitarismus,,,,,,,,,,,,,,,,,,Regelutilitarismus,,,,,,,,,,,,,,,,,,Regelutilitarismus,,,,,,,,,,,,,,,,,
Regionalismus,Substantiv,,m,Regionalismus,,,,,,,,,Regionalismen,,,,,,,,,Regionalismus,,,,,,,,,Regionalismen,,,,,,,,,Regionalismus,,,,,,,,,Regionalismen,,,,,,,,,Regionalismus,,,,,,,,,Regionalismen,,,,,,,,
Retrofuturismus,Substantiv,"retro,Futurismus",m,Retrofuturismus,,,,,,,,,Retrofuturismen,,,,,,,,,Retrofuturismus,,,,,,,,,Retrofuturismen,,,,,,,,,Retrofuturismus,,,,,,,,,Retrofuturismen,,,,,,,,,Retrofuturismus,,,,,,,,,Retrofuturismen,,,,,,,,
Rheumatismus,Substantiv,,m,Rheumatismus,,,,,,,,,Rheumatismen,,,,,,,,,Rheumatismus,,,,,,,,,Rheumatismen,,,,,,,,,Rheumatismus,,,,,,,,,Rheumatismen,,,,,,,,,Rheumatismus,,,,,,,,,Rheumatismen,,,,,,,,
Rigorismus,Substantiv,,m,Rigorismus,,,,,,,,,,,,,,,,,,Rigorismus,,,,,,,,,,,,,,,,,,Rigorismus,,,,,,,,,,,,,,,,,,Rigorismus,,,,,,,,,,,,,,,,,
Romanismus,Substantiv,,m,Romanismus,,,,,,,,,Romanismen,,,,,,,,,Romanismus,,,,,,,,,Romanismen,,,,,,,,,Romanismus,,,,,,,,,Romanismen,,,,,,,,,Romanismus,,,,,,,,,Romanismen,,,,,,,,
Rufinismus,Substantiv,,m,Rufinismus,,,,,,,,,,,,,,,,,,Rufinismus,,,,,,,,,,,,,,,,,,Rufinismus,,,,,,,,,,,,,,,,,,Rufinismus,,,,,,,,,,,,,,,,,
Russizismus,Substantiv,,m,Russizismus,,,,,,,,,Russizismen,,,,,,,,,Russizismus,,,,,,,,,Russizismen,,,,,,,,,Russizismus,,,,,,,,,Russizismen,,,,,,,,,Russizismus,,,,,,,,,Russizismen,,,,,,,,
Sadismus,Substantiv,,m,Sadismus,,,,,,,,,,,,,,,,,,Sadismus,,,,,,,,,,,,,,,,,,Sadismus,,,,,,,,,,,,,,,,,,Sadismus,,,,,,,,,,,,,,,,,
Sadomasochismus,Substantiv,,m,Sadomasochismus,,,,,,,,,Sadomasochismen,,,,,,,,,Sadomasochismus,,,,,,,,,Sadomasochismen,,,,,,,,,Sadomasochismus,,,,,,,,,Sadomasochismen,,,,,,,,,Sadomasochismus,,,,,,,,,Sadomasochismen,,,,,,,,
Salafismus,Substantiv,,m,Salafismus,,,,,,,,,,,,,,,,,,Salafismus,,,,,,,,,,,,,,,,,,Salafismus,,,,,,,,,,,,,,,,,,Salafismus,,,,,,,,,,,,,,,,,
Salonkommunismus,Substantiv,,m,Salonkommunismus,,,,,,,,,,,,,,,,,,Salonkommunismus,,,,,,,,,,,,,,,,,,Salonkommunismus,,,,,,,,,,,,,,,,,,Salonkommunismus,,,,,,,,,,,,,,,,,
Sardonismus,Substantiv,,m,Sardonismus,,,,,,,,,,,,,,,,,,Sardonismus,,,,,,,,,,,,,,,,,,Sardonismus,,,,,,,,,,,,,,,,,,Sardonismus,,,,,,,,,,,,,,,,,
Satanismus,Substantiv,,m,Satanismus,,,,,,,,,,,,,,,,,,Satanismus,,,,,,,,,,,,,,,,,,Satanismus,,,,,,,,,,,,,,,,,,Satanismus,,,,,,,,,,,,,,,,,
Sauglattismus,Substantiv,,m,Sauglattismus,,,,,,,,,Sauglattismen,,,,,,,,,Sauglattismus,,,,,,,,,Sauglattismen,,,,,,,,,Sauglattismus,,,,,,,,,Sauglattismen,,,,,,,,,Sauglattismus,,,,,,,,,Sauglattismen,,,,,,,,
Scaphismus,Substantiv,,m,Scaphismus,,,,,,,,,,,,,,,,,,Scaphismus,,,,,,,,,,,,,,,,,,Scaphismus,,,,,,,,,,,,,,,,,,Scaphismus,,,,,,,,,,,,,,,,,
Schamanismus,Substantiv,,m,Schamanismus,,,,,,,,,,,,,,,,,,Schamanismus,,,,,,,,,,,,,,,,,,Schamanismus,,,,,,,,,,,,,,,,,,Schamanismus,,,,,,,,,,,,,,,,,
Scheinanglizismus,Substantiv,"scheinen,Anglizismus",m,Scheinanglizismus,,,,,,,,,Scheinanglizismen,,,,,,,,,Scheinanglizismus,,,,,,,,,Scheinanglizismen,,,,,,,,,Scheinanglizismus,,,,,,,,,Scheinanglizismen,,,,,,,,,Scheinanglizismus,,,,,,,,,Scheinanglizismen,,,,,,,,
Schematismus,Substantiv,,m,Schematismus,,,,,,,,,Schematismen,,,,,,,,,Schematismus,,,,,,,,,Schematismen,,,,,,,,,Schematismus,,,,,,,,,Schematismen,,,,,,,,,Schematismus,,,,,,,,,Schematismen,,,,,,,,
Schiismus,Substantiv,,m,Schiismus,,,,,,,,,,,,,,,,,,Schiismus,,,,,,,,,,,,,,,,,,Schiismus,,,,,,,,,,,,,,,,,,Schiismus,,,,,,,,,,,,,,,,,
Schintoismus,Substantiv,,m,Schintoismus,,,,,,,,,,,,,,,,,,Schintoismus,,,,,,,,,,,,,,,,,,Schintoismus,,,,,,,,,,,,,,,,,,Schintoismus,,,,,,,,,,,,,,,,,
Sedisvakantismus,Substantiv,,m,Sedisvakantismus,,,,,,,,,,,,,,,,,,Sedisvakantismus,,,,,,,,,,,,,,,,,,Sedisvakantismus,,,,,,,,,,,,,,,,,,Sedisvakantismus,,,,,,,,,,,,,,,,,
Semitismus,Substantiv,,m,Semitismus,,,,,,,,,,,,,,,,,,Semitismus,,,,,,,,,,,,,,,,,,Semitismus,,,,,,,,,,,,,,,,,,Semitismus,,,,,,,,,,,,,,,,,
Sensationsjournalismus,Substantiv,,m,Sensationsjournalismus,,,,,,,,,,,,,,,,,,Sensationsjournalismus,,,,,,,,,,,,,,,,,,Sensationsjournalismus,,,,,,,,,,,,,,,,,,Sensationsjournalismus,,,,,,,,,,,,,,,,,
Separatismus,Substantiv,,m,Separatismus,,,,,,,,,,,,,,,,,,Separatismus,,,,,,,,,,,,,,,,,,Separatismus,,,,,,,,,,,,,,,,,,Separatismus,,,,,,,,,,,,,,,,,
Sexismus,Substantiv,,m,Sexismus,,,,,,,,,Sexismen,,,,,,,,,Sexismus,,,,,,,,,Sexismen,,,,,,,,,Sexismus,,,,,,,,,Sexismen,,,,,,,,,Sexismus,,,,,,,,,Sexismen,,,,,,,,
Sextourismus,Substantiv,"Sex,Tourismus",m,Sextourismus,,,,,,,,,,,,,,,,,,Sextourismus,,,,,,,,,,,,,,,,,,Sextourismus,,,,,,,,,,,,,,,,,,Sextourismus,,,,,,,,,,,,,,,,,
Sexualdimorphismus,Substantiv,,m,Sexualdimorphismus,,,,,,,,,,,,,,,,,,Sexualdimorphismus,,,,,,,,,,,,,,,,,,Sexualdimorphismus,,,,,,,,,,,,,,,,,,Sexualdimorphismus,,,,,,,,,,,,,,,,,
Shintoismus,Substantiv,,m,Shintoismus,,,,,,,,,,,,,,,,,,Shintoismus,,,,,,,,,,,,,,,,,,Shintoismus,,,,,,,,,,,,,,,,,,Shintoismus,,,,,,,,,,,,,,,,,
Sinismus,Substantiv,,m,Sinismus,,,,,,,,,Sinismen,,,,,,,,,Sinismus,,,,,,,,,Sinismen,,,,,,,,,Sinismus,,,,,,,,,Sinismen,,,,,,,,,Sinismus,,,,,,,,,Sinismen,,,,,,,,
Skandinavismus,Substantiv,,m,Skandinavismus,,,,,,,,,,,,,,,,,,Skandinavismus,,,,,,,,,,,,,,,,,,Skandinavismus,,,,,,,,,,,,,,,,,,Skandinavismus,,,,,,,,,,,,,,,,,
Skeptizismus,Substantiv,,m,Skeptizismus,,,,,,,,,,,,,,,,,,Skeptizismus,,,,,,,,,,,,,,,,,,Skeptizismus,,,,,,,,,,,,,,,,,,Skeptizismus,,,,,,,,,,,,,,,,,
Slawismus,Substantiv,,m,Slawismus,,,,,,,,,Slawismen,,,,,,,,,Slawismus,,,,,,,,,Slawismen,,,,,,,,,Slawismus,,,,,,,,,Slawismen,,,,,,,,,Slawismus,,,,,,,,,Slawismen,,,,,,,,
Snobismus,Substantiv,,m,Snobismus,,,,,,,,,Snobismen,,,,,,,,,Snobismus,,,,,,,,,Snobismen,,,,,,,,,Snobismus,,,,,,,,,Snobismen,,,,,,,,,Snobismus,,,,,,,,,Snobismen,,,,,,,,
Solipsismus,Substantiv,,m,Solipsismus,,,,,,,,,,,,,,,,,,Solipsismus,,,,,,,,,,,,,,,,,,Solipsismus,,,,,,,,,,,,,,,,,,Solipsismus,,,,,,,,,,,,,,,,,
Somnambulismus,Substantiv,,m,Somnambulismus,,,,,,,,,,,,,,,,,,Somnambulismus,,,,,,,,,,,,,,,,,,Somnambulismus,,,,,,,,,,,,,,,,,,Somnambulismus,,,,,,,,,,,,,,,,,
Sophismus,Substantiv,,m,Sophismus,,,,,,,,,Sophismen,,,,,,,,,Sophismus,,,,,,,,,Sophismen,,,,,,,,,Sophismus,,,,,,,,,Sophismen,,,,,,,,,Sophismus,,,,,,,,,Sophismen,,,,,,,,
Sowjetismus,Substantiv,,m,Sowjetismus,,,,,,,,,Sowjetismen,,,,,,,,,Sowjetismus,,,,,,,,,Sowjetismen,,,,,,,,,Sowjetismus,,,,,,,,,Sowjetismen,,,,,,,,,Sowjetismus,,,,,,,,,Sowjetismen,,,,,,,,
Sozialdarwinismus,Substantiv,,m,Sozialdarwinismus,,,,,,,,,,,,,,,,,,Sozialdarwinismus,,,,,,,,,,,,,,,,,,Sozialdarwinismus,,,,,,,,,,,,,,,,,,Sozialdarwinismus,,,,,,,,,,,,,,,,,
Sozialismus,Substantiv,,m,Sozialismus,,,,,,,,,Sozialismen,,,,,,,,,Sozialismus,,,,,,,,,Sozialismen,,,,,,,,,Sozialismus,,,,,,,,,Sozialismen,,,,,,,,,Sozialismus,,,,,,,,,Sozialismen,,,,,,,,
Sozialtourismus,Substantiv,"sozial,Tourismus",m,Sozialtourismus,,,,,,,,,,,,,,,,,,Sozialtourismus,,,,,,,,,,,,,,,,,,Sozialtourismus,,,,,,,,,,,,,,,,,,Sozialtourismus,,,,,,,,,,,,,,,,,
Speziesismus,Substantiv,,m,Speziesismus,,,,,,,,,Speziesismen,,,,,,,,,Speziesismus,,,,,,,,,Speziesismen,,,,,,,,,Speziesismus,,,,,,,,,Speziesismen,,,,,,,,,Speziesismus,,,,,,,,,Speziesismen,,,,,,,,
Spiritismus,Substantiv,,m,Spiritismus,,,,,,,,,,,,,,,,,,Spiritismus,,,,,,,,,,,,,,,,,,Spiritismus,,,,,,,,,,,,,,,,,,Spiritismus,,,,,,,,,,,,,,,,,
Sprachpurismus,Substantiv,"Sprache,Purismus",m,Sprachpurismus,,,,,,,,,Sprachpurismen,,,,,,,,,Sprachpurismus,,,,,,,,,Sprachpurismen,,,,,,,,,Sprachpurismus,,,,,,,,,Sprachpurismen,,,,,,,,,Sprachpurismus,,,,,,,,,Sprachpurismen,,,,,,,,
Stalinismus,Substantiv,,m,Stalinismus,,,,,,,,,,,,,,,,,,Stalinismus,,,,,,,,,,,,,,,,,,Stalinismus,,,,,,,,,,,,,,,,,,Stalinismus,,,,,,,,,,,,,,,,,
Stoizismus,Substantiv,,m,Stoizismus,,,,,,,,,,,,,,,,,,Stoizismus,,,,,,,,,,,,,,,,,,Stoizismus,,,,,,,,,,,,,,,,,,Stoizismus,,,,,,,,,,,,,,,,,
Strukturalismus,Substantiv,,m,Strukturalismus,,,,,,,,,Strukturalismen,,,,,,,,,Strukturalismus,,,,,,,,,Strukturalismen,,,,,,,,,Strukturalismus,,,,,,,,,Strukturalismen,,,,,,,,,Strukturalismus,,,,,,,,,Strukturalismen,,,,,,,,
Substanzdualismus,Substantiv,"Substanz,Dualismus",m,Substanzdualismus,,,,,,,,,Substanzdualismen,,,,,,,,,Substanzdualismus,,,,,,,,,Substanzdualismen,,,,,,,,,Substanzdualismus,,,,,,,,,Substanzdualismen,,,,,,,,,Substanzdualismus,,,,,,,,,Substanzdualismen,,,,,,,,
Substanzmonismus,Substantiv,"Substanz,Monismus",m,Substanzmonismus,,,,,,,,,Substanzmonismen,,,,,,,,,Substanzmonismus,,,,,,,,,Substanzmonismen,,,,,,,,,Substanzmonismus,,,,,,,,,Substanzmonismen,,,,,,,,,Substanzmonismus,,,,,,,,,Substanzmonismen,,,,,,,,
Sufiismus,Substantiv,,m,Sufiismus,,,,,,,,,,,,,,,,,,Sufiismus,,,,,,,,,,,,,,,,,,Sufiismus,,,,,,,,,,,,,,,,,,Sufiismus,,,,,,,,,,,,,,,,,
Sufismus,Substantiv,,m,Sufismus,,,,,,,,,,,,,,,,,,Sufismus,,,,,,,,,,,,,,,,,,Sufismus,,,,,,,,,,,,,,,,,,Sufismus,,,,,,,,,,,,,,,,,
Suppletivismus,Substantiv,,m,Suppletivismus,,,,,,,,,Suppletivismen,,,,,,,,,Suppletivismus,,,,,,,,,Suppletivismen,,,,,,,,,Suppletivismus,,,,,,,,,Suppletivismen,,,,,,,,,Suppletivismus,,,,,,,,,Suppletivismen,,,,,,,,
Supranaturalismus,Substantiv,,m,Supranaturalismus,,,,,,,,,,,,,,,,,,Supranaturalismus,,,,,,,,,,,,,,,,,,Supranaturalismus,,,,,,,,,,,,,,,,,,Supranaturalismus,,,,,,,,,,,,,,,,,
Suprematismus,Substantiv,,m,Suprematismus,,,,,,,,,,,,,,,,,,Suprematismus,,,,,,,,,,,,,,,,,,Suprematismus,,,,,,,,,,,,,,,,,,Suprematismus,,,,,,,,,,,,,,,,,
Surrealismus,Substantiv,,m,Surrealismus,,,,,,,,,,,,,,,,,,Surrealismus,,,,,,,,,,,,,,,,,,Surrealismus,,,,,,,,,,,,,,,,,,Surrealismus,,,,,,,,,,,,,,,,,
Sybaritismus,Substantiv,,m,Sybaritismus,,,,,,,,,,,,,,,,,,Sybaritismus,,,,,,,,,,,,,,,,,,Sybaritismus,,,,,,,,,,,,,,,,,,Sybaritismus,,,,,,,,,,,,,,,,,
Syllogismus,Substantiv,,m,Syllogismus,,,,,,,,,Syllogismen,,,,,,,,,Syllogismus,,,,,,,,,Syllogismen,,,,,,,,,Syllogismus,,,,,,,,,Syllogismen,,,,,,,,,Syllogismus,,,,,,,,,Syllogismen,,,,,,,,
Synkretismus,Substantiv,,m,Synkretismus,,,,,,,,,Synkretismen,,,,,,,,,Synkretismus,,,,,,,,,Synkretismen,,,,,,,,,Synkretismus,,,,,,,,,Synkretismen,,,,,,,,,Synkretismus,,,,,,,,,Synkretismen,,,,,,,,
Szientismus,Substantiv,,m,Szientismus,,,,,,,,,–,,,,,,,,,Szientismus,,,,,,,,,–,,,,,,,,,Szientismus,,,,,,,,,–,,,,,,,,,Szientismus,,,,,,,,,–,,,,,,,,
Säkularismus,Substantiv,,m,Säkularismus,,,,,,,,,Säkularismen,,,,,,,,,Säkularismus,,,,,,,,,Säkularismen,,,,,,,,,Säkularismus,,,,,,,,,Säkularismen,,,,,,,,,Säkularismus,,,,,,,,,Säkularismen,,,,,,,,
Tanktourismus,Substantiv,"tanken,Tourismus",m,Tanktourismus,,,,,,,,,,,,,,,,,,Tanktourismus,,,,,,,,,,,,,,,,,,Tanktourismus,,,,,,,,,,,,,,,,,,Tanktourismus,,,,,,,,,,,,,,,,,
Taoismus,Substantiv,,m,Taoismus,,,,,,,,,,,,,,,,,,Taoismus,,,,,,,,,,,,,,,,,,Taoismus,,,,,,,,,,,,,,,,,,Taoismus,,,,,,,,,,,,,,,,,
Taylorismus,Substantiv,,m,Taylorismus,,,,,,,,,,,,,,,,,,Taylorismus,,,,,,,,,,,,,,,,,,Taylorismus,,,,,,,,,,,,,,,,,,Taylorismus,,,,,,,,,,,,,,,,,
Terrorismus,Substantiv,,m,Terrorismus,,,,,,,,,,,,,,,,,,Terrorismus,,,,,,,,,,,,,,,,,,Terrorismus,,,,,,,,,,,,,,,,,,Terrorismus,,,,,,,,,,,,,,,,,
Teutonismus,Substantiv,,m,Teutonismus,,,,,,,,,Teutonismen,,,,,,,,,Teutonismus,,,,,,,,,Teutonismen,,,,,,,,,Teutonismus,,,,,,,,,Teutonismen,,,,,,,,,Teutonismus,,,,,,,,,Teutonismen,,,,,,,,
Theismus,Substantiv,,m,Theismus,,,,,,,,,,,,,,,,,,Theismus,,,,,,,,,,,,,,,,,,Theismus,,,,,,,,,,,,,,,,,,Theismus,,,,,,,,,,,,,,,,,
Thomismus,Substantiv,,m,Thomismus,,,,,,,,,,,,,,,,,,Thomismus,,,,,,,,,,,,,,,,,,Thomismus,,,,,,,,,,,,,,,,,,Thomismus,,,,,,,,,,,,,,,,,
Titanismus,Substantiv,,m,Titanismus,,,,,,,,,,,,,,,,,,Titanismus,,,,,,,,,,,,,,,,,,Titanismus,,,,,,,,,,,,,,,,,,Titanismus,,,,,,,,,,,,,,,,,
Titoismus,Substantiv,,m,Titoismus,,,,,,,,,,,,,,,,,,Titoismus,,,,,,,,,,,,,,,,,,Titoismus,,,,,,,,,,,,,,,,,,Titoismus,,,,,,,,,,,,,,,,,
Tourismus,Substantiv,,m,Tourismus,,,,,,,,,,,,,,,,,,Tourismus,,,,,,,,,,,,,,,,,,Tourismus,,,,,,,,,,,,,,,,,,Tourismus,,,,,,,,,,,,,,,,,
Traditionalismus,Substantiv,,m,Traditionalismus,,,,,,,,,,,,,,,,,,Traditionalismus,,,,,,,,,,,,,,,,,,Traditionalismus,,,,,,,,,,,,,,,,,,Traditionalismus,,,,,,,,,,,,,,,,,
Trialismus,Substantiv,,m,Trialismus,,,,,,,,,Trialismen,,,,,,,,,Trialismus,,,,,,,,,Trialismen,,,,,,,,,Trialismus,,,,,,,,,Trialismen,,,,,,,,,Trialismus,,,,,,,,,Trialismen,,,,,,,,
Tribalismus,Substantiv,,m,Tribalismus,,,,,,,,,,,,,,,,,,Tribalismus,,,,,,,,,,,,,,,,,,Tribalismus,,,,,,,,,,,,,,,,,,Tribalismus,,,,,,,,,,,,,,,,,
Trilingualismus,Substantiv,,m,Trilingualismus,,,,,,,,,,,,,,,,,,Trilingualismus,,,,,,,,,,,,,,,,,,Trilingualismus,,,,,,,,,,,,,,,,,,Trilingualismus,,,,,,,,,,,,,,,,,
Triolismus,Substantiv,,m,Triolismus,,,,,,,,,,,,,,,,,,Triolismus,,,,,,,,,,,,,,,,,,Triolismus,,,,,,,,,,,,,,,,,,Triolismus,,,,,,,,,,,,,,,,,
Trotzkismus,Substantiv,,m,Trotzkismus,,,,,,,,,,,,,,,,,,Trotzkismus,,,,,,,,,,,,,,,,,,Trotzkismus,,,,,,,,,,,,,,,,,,Trotzkismus,,,,,,,,,,,,,,,,,
Truismus,Substantiv,,m,Truismus,,,,,,,,,Truismen,,,,,,,,,Truismus,,,,,,,,,Truismen,,,,,,,,,Truismus,,,,,,,,,Truismen,,,,,,,,,Truismus,,,,,,,,,Truismen,,,,,,,,
Trumpismus,Substantiv,,m,Trumpismus,,,,,,,,,–,,,,,,,,,Trumpismus,,,,,,,,,–,,,,,,,,,Trumpismus,,,,,,,,,–,,,,,,,,,Trumpismus,,,,,,,,,–,,,,,,,,
Turbokapitalismus,Substantiv,"Turbo,Kapitalismus",m,Turbokapitalismus,,,,,,,,,,,,,,,,,,Turbokapitalismus,,,,,,,,,,,,,,,,,,Turbokapitalismus,,,,,,,,,,,,,,,,,,Turbokapitalismus,,,,,,,,,,,,,,,,,
Turzismus,Substantiv,,m,Turzismus,,,,,,,,,Turzismen,,,,,,,,,Turzismus,,,,,,,,,Turzismen,,,,,,,,,Turzismus,,,,,,,,,Turzismen,,,,,,,,,Turzismus,,,,,,,,,Turzismen,,,,,,,,
Tutiorismus,Substantiv,,m,Tutiorismus,,,,,,,,,,,,,,,,,,Tutiorismus,,,,,,,,,,,,,,,,,,Tutiorismus,,,,,,,,,,,,,,,,,,Tutiorismus,,,,,,,,,,,,,,,,,
Ultraismus,Substantiv,,m,Ultraismus,,,,,,,,,Ultraismen,,,,,,,,,Ultraismus,,,,,,,,,Ultraismen,,,,,,,,,Ultraismus,,,,,,,,,Ultraismen,,,,,,,,,Ultraismus,,,,,,,,,Ultraismen,,,,,,,,
Universalismus,Substantiv,,m,Universalismus,,,,,,,,,,,,,,,,,,Universalismus,,,,,,,,,,,,,,,,,,Universalismus,,,,,,,,,,,,,,,,,,Universalismus,,,,,,,,,,,,,,,,,
Uranismus,Substantiv,,m,Uranismus,,,,,,,,,,,,,,,,,,Uranismus,,,,,,,,,,,,,,,,,,Uranismus,,,,,,,,,,,,,,,,,,Uranismus,,,,,,,,,,,,,,,,,
Utilitarismus,Substantiv,,m,Utilitarismus,,,,,,,,,,,,,,,,,,Utilitarismus,,,,,,,,,,,,,,,,,,Utilitarismus,,,,,,,,,,,,,,,,,,Utilitarismus,,,,,,,,,,,,,,,,,
Vandalismus,Substantiv,,m,Vandalismus,,,,,,,,,,,,,,,,,,Vandalismus,,,,,,,,,,,,,,,,,,Vandalismus,,,,,,,,,,,,,,,,,,Vandalismus,,,,,,,,,,,,,,,,,
Vedismus,Substantiv,,m,Vedismus,,,,,,,,,,,,,,,,,,Vedismus,,,,,,,,,,,,,,,,,,Vedismus,,,,,,,,,,,,,,,,,,Vedismus,,,,,,,,,,,,,,,,,
Veganismus,Substantiv,,m,Veganismus,,,,,,,,,,,,,,,,,,Veganismus,,,,,,,,,,,,,,,,,,Veganismus,,,,,,,,,,,,,,,,,,Veganismus,,,,,,,,,,,,,,,,,
Vegetarismus,Substantiv,,m,Vegetarismus,,,,,,,,,,,,,,,,,,Vegetarismus,,,,,,,,,,,,,,,,,,Vegetarismus,,,,,,,,,,,,,,,,,,Vegetarismus,,,,,,,,,,,,,,,,,
Vitalismus,Substantiv,,m,Vitalismus,,,,,,,,,,,,,,,,,,Vitalismus,,,,,,,,,,,,,,,,,,Vitalismus,,,,,,,,,,,,,,,,,,Vitalismus,,,,,,,,,,,,,,,,,
Vokalismus,Substantiv,,m,Vokalismus,,,,,,,,,,,,,,,,,,Vokalismus,,,,,,,,,,,,,,,,,,Vokalismus,,,,,,,,,,,,,,,,,,Vokalismus,,,,,,,,,,,,,,,,,
Voyeurismus,Substantiv,,m,Voyeurismus,,,,,,,,,,,,,,,,,,Voyeurismus,,,,,,,,,,,,,,,,,,Voyeurismus,,,,,,,,,,,,,,,,,,Voyeurismus,,,,,,,,,,,,,,,,,
Vulgarismus,Substantiv,,m,Vulgarismus,,,,,,,,,Vulgarismen,,,,,,,,,Vulgarismus,,,,,,,,,Vulgarismen,,,,,,,,,Vulgarismus,,,,,,,,,Vulgarismen,,,,,,,,,Vulgarismus,,,,,,,,,Vulgarismen,,,,,,,,
Vulkanismus,Substantiv,,m,Vulkanismus,,,,,,,,,,,,,,,,,,Vulkanismus,,,,,,,,,,,,,,,,,,Vulkanismus,,,,,,,,,,,,,,,,,,Vulkanismus,,,,,,,,,,,,,,,,,
Wahhabismus,Substantiv,,m,Wahhabismus,,,,,,,,,,,,,,,,,,Wahhabismus,,,,,,,,,,,,,,,,,,Wahhabismus,,,,,,,,,,,,,,,,,,Wahhabismus,,,,,,,,,,,,,,,,,
Wedismus,Substantiv,,m,Wedismus,,,,,,,,,,,,,,,,,,Wedismus,,,,,,,,,,,,,,,,,,Wedismus,,,,,,,,,,,,,,,,,,Wedismus,,,,,,,,,,,,,,,,,
Weichteilrheumatismus,Substantiv,,m,Weichteilrheumatismus,,,,,,,,,,,Weichteilrheumatismen,Weichteilrheumatisma,,,,,,Weichteilrheumatismus,,,,,,,,,,,Weichteilrheumatismen,Weichteilrheumatisma,,,,,,Weichteilrheumatismus,,,,,,,,,,,Weichteilrheumatismen,Weichteilrheumatisma,,,,,,Weichteilrheumatismus,,,,,,,,,,,Weichteilrheumatismen,Weichteilrheumatisma,,,,,
Welle-Teilchen-Dualismus,Substantiv,"Welle,Teilchen,Dualismus",m,Welle-Teilchen-Dualismus,,,,,,,,,,,,,,,,,,Welle-Teilchen-Dualismus,,,,,,,,,,,,,,,,,,Welle-Teilchen-Dualismus,,,,,,,,,,,,,,,,,,Welle-Teilchen-Dualismus,,,,,,,,,,,,,,,,,
Wellerismus,Substantiv,,m,Wellerismus,,,,,,,,,Wellerismen,,,,,,,,,Wellerismus,,,,,,,,,Wellerismen,,,,,,,,,Wellerismus,,,,,,,,,Wellerismen,,,,,,,,,Wellerismus,,,,,,,,,Wellerismen,,,,,,,,
Wertmonismus,Substantiv,"Wert,Monismus",m,Wertmonismus,,,,,,,,,,,,,,,,,,Wertmonismus,,,,,,,,,,,,,,,,,,Wertmonismus,,,,,,,,,,,,,,,,,,Wertmonismus,,,,,,,,,,,,,,,,,
Whataboutismus,Substantiv,,m,Whataboutismus,,,,,,,,,,,,,,,,,,Whataboutismus,,,,,,,,,,,,,,,,,,Whataboutismus,,,,,,,,,,,,,,,,,,Whataboutismus,,,,,,,,,,,,,,,,,
Wilhelminismus,Substantiv,,m,Wilhelminismus,,,,,,,,,,,,,,,,,,Wilhelminismus,,,,,,,,,,,,,,,,,,Wilhelminismus,,,,,,,,,,,,,,,,,,Wilhelminismus,,,,,,,,,,,,,,,,,
Wirtschaftsliberalismus,Substantiv,"Wirtschaft,Liberalismus",m,Wirtschaftsliberalismus,,,,,,,,,,,,,,,,,,Wirtschaftsliberalismus,,,,,,,,,,,,,,,,,,Wirtschaftsliberalismus,,,,,,,,,,,,,,,,,,Wirtschaftsliberalismus,,,,,,,,,,,,,,,,,
Wissenschaftsjournalismus,Substantiv,"Wissenschaft,Journalismus",m,Wissenschaftsjournalismus,,,,,,,,,,,,,,,,,,Wissenschaftsjournalismus,,,,,,,,,,,,,,,,,,Wissenschaftsjournalismus,,,,,,,,,,,,,,,,,,Wissenschaftsjournalismus,,,,,,,,,,,,,,,,,
Xenismus,Substantiv,,m,Xenismus,,,,,,,,,Xenismen,,,,,,,,,Xenismus,,,,,,,,,Xenismen,,,,,,,,,Xenismus,,,,,,,,,Xenismen,,,,,,,,,Xenismus,,,,,,,,,Xenismen,,,,,,,,
Zarathustrismus,Substantiv,,m,Zarathustrismus,,,,,,,,,,,,,,,,,,Zarathustrismus,,,,,,,,,,,,,,,,,,Zarathustrismus,,,,,,,,,,,,,,,,,,Zarathustrismus,,,,,,,,,,,,,,,,,
Zarismus,Substantiv,,m,Zarismus,,,,,,,,,,,,,,,,,,Zarismus,,,,,,,,,,,,,,,,,,Zarismus,,,,,,,,,,,,,,,,,,Zarismus,,,,,,,,,,,,,,,,,
Zentralismus,Substantiv,,m,Zentralismus,,,,,,,,,,,,,,,,,,Zentralismus,,,,,,,,,,,,,,,,,,Zentralismus,,,,,,,,,,,,,,,,,,Zentralismus,,,,,,,,,,,,,,,,,
Zionismus,Substantiv,,m,Zionismus,,,,,,,,,,,,,,,,,,Zionismus,,,,,,,,,,,,,,,,,,Zionismus,,,,,,,,,,,,,,,,,,Zionismus,,,,,,,,,,,,,,,,,
Zoroastrismus,Substantiv,,m,Zoroastrismus,,,,,,,,,,,,,,,,,,Zoroastrismus,Zoroastrismusses,,,,,,,,,,,,,,,,,Zoroastrismus,,,,,,,,,,,,,,,,,,Zoroastrismus,,,,,,,,,,,,,,,,,
Zwangsoptimismus,Substantiv,"zwangs-,Optimismus",m,Zwangsoptimismus,,,,,,,,,,,,,,,,,,Zwangsoptimismus,,,,,,,,,,,,,,,,,,Zwangsoptimismus,,,,,,,,,,,,,,,,,,Zwangsoptimismus,,,,,,,,,,,,,,,,,
Zynismus,Substantiv,,m,Zynismus,,,,,,,,,Zynismen,,,,,,,,,Zynismus,,,,,,,,,Zynismen,,,,,,,,,Zynismus,,,,,,,,,Zynismen,,,,,,,,,Zynismus,,,,,,,,,Zynismen,,,,,,,,
